order_id,product_id,quantity,price_per_unit
1,63,3,448.94
1,68,3,153.56
2,43,2,286.58
2,79,1,287.76
2,49,3,268.15
2,1,3,418.39
3,9,4,456.86
3,67,2,117.03
3,74,4,222.66
3,64,3,368.23
3,59,2,281.07
4,63,2,446.62
4,100,5,220.76
4,57,2,217.96
4,77,2,70.11
4,39,2,56.0
4,75,3,58.61
5,7,4,195.23
5,54,4,359.58
5,89,2,480.92
5,3,2,368.83
5,26,5,235.93
5,98,4,83.77
6,79,5,307.9
6,37,2,135.31
6,67,4,75.95
7,53,1,214.64
7,73,2,47.3
7,74,1,14.87
7,4,4,174.87
8,52,1,483.71
8,68,3,185.08
9,51,5,309.41
9,81,3,123.29
9,32,2,429.28
9,72,3,467.32
10,79,1,380.01
10,66,4,324.84
10,81,3,20.9
10,69,4,98.09
10,78,4,366.04
11,26,4,221.69
11,88,1,422.16
11,15,4,42.64
11,13,3,315.32
11,54,1,488.15
11,52,3,145.24
12,62,1,364.91
12,35,3,425.58
13,43,4,136.26
13,23,2,318.47
13,31,5,195.99
14,85,3,457.39
14,36,5,32.06
14,28,1,166.74
14,58,3,406.21
15,43,1,370.28
15,79,1,355.17
15,55,2,282.39
15,85,2,199.18
15,82,3,459.94
16,30,2,84.08
16,11,3,236.41
16,92,4,106.77
16,43,2,290.31
16,18,4,136.72
16,45,3,82.08
17,84,2,344.33
18,28,5,258.23
18,75,1,148.07
18,4,2,8.52
18,59,3,499.41
18,97,5,327.56
19,31,5,98.78
19,76,2,196.4
20,88,3,238.95
20,38,2,389.49
20,36,5,49.29
20,44,5,468.23
21,62,1,365.71
21,75,3,362.89
21,57,2,356.81
21,74,4,317.06
22,4,4,386.4
22,74,4,237.79
22,49,1,168.28
23,90,5,64.48
23,41,4,476.24
23,48,1,104.19
24,73,1,466.66
24,49,5,471.26
24,67,2,203.72
24,17,4,101.07
25,9,4,163.35
26,4,3,36.03
27,85,5,154.16
27,28,1,171.81
28,52,4,386.63
28,19,2,299.3
28,12,2,256.62
28,45,5,346.5
29,93,3,93.17
29,42,3,241.17
29,52,1,11.91
29,51,3,416.77
29,84,1,295.63
30,17,3,88.56
30,2,3,236.77
30,65,5,168.6
30,59,2,14.3
30,93,1,351.53
31,75,2,481.44
31,38,5,321.8
31,7,2,92.9
31,94,5,382.09
32,58,3,241.58
32,83,1,297.9
33,4,3,222.2
33,99,3,115.27
34,65,2,466.56
34,94,5,21.39
34,92,2,56.44
34,97,3,76.31
35,25,4,482.77
35,70,4,131.8
35,23,3,291.68
36,50,5,412.11
36,8,2,455.79
36,63,4,467.71
36,68,1,447.15
37,89,4,85.49
37,93,3,431.0
37,68,1,166.47
38,55,5,491.69
38,38,4,192.85
38,72,3,170.6
38,56,4,210.34
38,100,2,288.8
38,63,1,236.81
39,17,4,116.08
39,95,1,252.59
39,60,1,413.69
39,66,2,245.13
39,15,1,290.11
39,55,5,39.82
40,10,1,239.73
40,82,5,78.1
40,61,2,496.71
40,79,5,171.98
40,33,5,40.49
40,56,4,368.73
41,35,4,85.28
41,59,4,16.79
41,80,2,355.17
41,28,1,133.11
42,31,3,351.8
42,40,1,6.49
42,73,4,208.15
42,49,1,272.52
42,74,4,102.49
42,6,2,311.22
43,13,4,117.05
43,32,5,497.18
43,34,1,407.56
43,95,3,116.43
43,18,5,70.14
43,34,5,18.34
44,60,2,184.12
44,98,2,486.47
44,43,4,189.85
44,75,1,384.36
44,3,4,6.47
44,26,2,153.34
45,92,4,387.98
45,46,5,46.95
45,26,3,491.07
46,34,4,56.33
46,64,1,190.51
46,95,4,104.75
46,80,4,334.22
47,6,5,56.31
48,19,4,157.9
48,56,4,223.19
48,86,3,408.48
48,52,1,46.93
48,24,3,387.16
49,87,4,38.04
49,2,3,376.05
49,27,2,454.1
50,87,4,47.18
50,100,4,373.86
50,100,5,279.33
51,95,5,308.2
51,14,1,63.1
51,16,1,376.26
52,9,4,321.83
53,4,4,334.87
53,84,4,447.44
53,18,2,396.67
53,95,4,185.67
53,23,1,78.95
54,59,5,355.41
55,73,4,130.11
55,14,2,416.37
55,20,1,484.8
55,84,1,288.19
55,94,3,410.88
56,30,1,435.82
56,66,1,360.74
57,44,2,26.97
57,36,2,32.63
57,79,5,51.8
57,84,3,201.69
58,86,4,169.37
58,66,3,54.77
59,17,2,201.94
60,71,2,445.24
60,64,4,20.8
60,93,2,101.25
60,56,4,245.34
61,26,1,158.36
61,100,5,335.18
61,98,1,415.02
61,11,4,464.3
62,42,3,85.85
62,65,3,279.91
62,52,4,119.74
62,53,3,228.65
63,100,1,84.96
63,62,2,467.78
63,59,4,28.1
63,44,1,280.98
63,28,1,116.44
63,78,5,105.44
64,91,2,14.54
65,53,5,38.48
65,21,1,180.53
65,21,3,135.61
65,95,2,168.94
66,62,4,12.98
66,65,1,62.82
67,38,5,383.47
67,38,5,82.9
67,61,1,16.7
67,57,1,302.77
68,94,2,468.89
69,52,4,266.99
69,39,5,413.46
69,56,5,31.35
69,56,5,303.28
70,55,1,215.82
70,55,3,207.36
70,14,4,455.01
70,67,1,350.78
70,61,2,122.21
70,20,5,494.29
71,52,3,481.34
71,51,2,360.52
71,18,4,185.7
72,32,3,468.37
73,60,1,467.83
73,86,5,284.75
73,90,5,391.14
73,96,2,151.38
73,65,3,195.24
74,22,5,67.43
74,42,5,218.5
74,95,3,417.62
74,69,5,446.74
75,2,3,18.58
75,60,3,443.43
76,85,4,419.87
76,53,3,135.54
76,78,3,323.69
76,69,2,139.76
76,4,1,96.58
76,95,3,486.04
77,9,1,318.11
77,21,5,360.99
78,10,4,191.84
79,45,3,103.07
80,22,4,155.02
81,27,4,200.23
82,43,4,453.11
82,48,2,327.34
82,64,1,236.97
82,69,5,36.07
83,62,5,41.03
83,71,4,104.79
83,6,1,114.88
83,11,1,489.63
83,47,3,166.29
83,84,4,31.43
84,84,2,7.18
84,24,1,387.71
85,39,4,359.06
85,31,4,41.4
86,31,3,391.53
86,9,2,340.24
87,64,3,278.05
88,65,1,89.77
88,81,4,443.7
88,32,1,313.09
88,36,1,92.94
89,56,4,112.48
90,63,2,299.99
90,97,4,334.26
90,28,5,30.28
91,22,4,396.96
91,42,5,294.75
92,24,1,205.73
92,24,5,472.35
92,14,5,490.96
92,41,1,189.19
92,17,3,109.09
92,63,5,131.72
93,88,3,47.18
93,51,1,393.3
93,69,4,128.67
93,99,5,236.35
93,78,3,406.79
94,69,1,195.59
95,59,4,190.98
96,81,1,371.82
96,7,3,197.98
96,17,1,173.13
96,6,2,93.73
96,47,4,357.25
96,70,4,285.9
97,93,5,37.7
97,56,5,214.74
97,14,2,183.91
97,42,1,453.27
97,1,3,212.49
97,87,1,394.05
98,77,1,429.23
98,10,2,498.59
98,61,4,196.71
98,76,4,260.34
99,39,2,381.08
99,63,1,300.54
99,69,1,379.82
100,80,5,433.74
100,62,1,107.73
100,51,3,499.36
100,14,3,491.43
101,83,4,182.99
101,2,3,430.34
101,36,3,242.03
102,70,5,458.18
102,90,3,144.96
103,8,2,452.53
103,93,5,190.53
103,98,1,291.02
103,66,5,45.98
103,11,5,401.74
103,43,4,469.15
104,27,1,257.65
104,61,4,189.58
104,53,4,168.02
104,9,2,159.57
104,25,4,87.44
105,49,1,45.09
105,9,3,171.56
105,33,4,147.64
106,14,4,128.81
106,35,4,482.8
106,19,4,284.93
107,35,5,133.3
107,1,4,192.13
107,17,3,410.88
107,43,2,235.36
107,47,2,244.16
107,64,5,433.46
108,92,2,410.89
108,75,5,482.84
109,27,2,298.69
109,96,2,17.71
109,30,3,242.47
109,71,2,389.03
109,32,1,337.98
110,1,5,67.29
110,37,1,157.39
110,46,4,62.91
110,19,1,309.54
110,80,3,318.1
110,36,5,405.81
111,89,5,353.83
111,92,5,210.51
111,40,4,221.91
111,43,3,336.82
111,16,1,452.91
112,87,4,72.44
112,61,1,148.91
112,93,2,51.9
112,97,4,443.98
113,7,3,70.07
114,99,5,207.53
115,7,2,338.55
115,99,4,89.12
115,32,1,330.24
116,79,4,91.3
116,19,3,44.86
116,4,2,118.45
117,85,3,237.93
117,55,5,290.3
118,5,2,303.68
118,77,3,422.68
118,29,1,167.75
118,90,5,446.53
118,24,3,165.14
118,92,4,151.31
119,5,1,477.53
120,55,5,238.21
120,87,2,144.04
120,20,1,477.55
121,97,1,34.61
122,68,5,297.99
122,89,3,137.19
122,97,4,335.94
122,11,5,25.48
122,13,5,211.54
123,61,1,405.18
124,82,1,238.5
124,82,2,167.41
125,22,4,473.76
125,33,4,282.35
125,94,4,75.79
125,12,5,431.2
126,6,2,397.66
126,43,4,295.72
127,99,1,342.19
127,41,4,423.14
127,16,1,491.48
127,30,3,323.8
127,86,5,237.94
128,34,5,300.33
128,17,2,403.93
129,22,1,143.53
129,59,1,229.97
129,94,5,406.84
129,60,1,469.51
130,84,2,437.23
130,92,2,243.94
130,20,4,284.75
130,18,2,269.47
130,44,5,264.63
130,90,4,263.96
131,47,5,223.89
132,26,3,292.53
132,60,1,75.12
132,68,3,261.07
132,53,5,215.28
133,88,3,5.0
133,68,5,294.76
133,82,1,448.49
133,3,1,320.33
134,6,1,51.83
134,18,4,174.5
135,85,1,45.75
135,75,2,254.65
135,33,3,250.1
136,67,3,493.24
136,3,1,346.41
137,33,2,293.44
137,87,4,26.09
137,14,2,291.81
138,42,1,266.99
138,40,5,201.55
138,70,3,471.54
139,40,1,10.46
139,15,1,316.2
140,53,2,219.09
140,93,2,114.57
140,46,1,66.89
140,42,5,424.17
141,37,2,41.84
142,3,1,62.6
142,6,2,190.89
142,71,2,28.88
142,74,3,119.73
142,12,2,333.75
143,80,2,59.85
143,96,3,407.38
144,70,5,218.29
144,40,2,361.81
144,78,2,306.32
144,46,1,260.53
144,61,2,49.35
144,58,1,434.66
145,42,2,230.19
145,67,1,318.55
145,46,4,393.2
145,66,3,93.73
145,16,1,40.63
146,35,1,287.79
146,19,1,121.4
146,92,5,470.72
146,84,2,481.96
147,93,2,368.99
148,50,4,274.07
149,12,4,93.26
149,48,4,176.83
150,75,2,488.5
150,83,4,353.88
150,6,2,455.78
150,58,1,111.43
150,82,1,17.78
150,25,3,63.66
151,49,3,335.08
151,53,1,346.22
151,2,3,95.58
151,77,5,253.58
151,88,2,401.02
151,6,4,247.36
152,65,3,467.45
152,68,3,217.28
152,95,2,256.11
152,8,4,162.17
152,30,5,459.97
153,70,5,487.98
153,5,5,266.63
154,82,3,327.25
154,56,1,91.38
154,3,2,491.97
154,98,1,338.24
154,44,3,201.12
154,10,1,209.9
155,40,2,196.71
155,33,1,119.93
155,62,2,435.56
155,37,2,143.56
156,96,2,285.79
156,32,3,60.23
156,3,4,18.28
156,71,4,337.58
156,60,4,383.47
157,69,4,87.0
157,68,3,483.73
157,32,5,411.79
158,97,4,416.72
158,41,3,236.22
158,73,1,285.55
158,37,4,20.75
158,77,2,387.35
158,96,4,67.42
159,68,5,476.42
159,25,5,160.1
159,97,3,17.4
159,87,5,324.07
159,64,3,334.2
159,52,5,276.97
160,28,5,484.3
160,72,1,316.13
160,42,1,268.38
160,82,2,23.01
161,69,5,392.77
161,26,4,236.87
161,45,4,243.48
161,49,1,34.77
161,25,1,196.7
162,63,2,18.12
162,46,2,366.73
163,67,5,253.49
163,34,4,321.66
163,12,1,443.1
163,63,5,65.29
163,41,1,131.26
164,12,1,250.18
164,4,1,486.95
164,55,5,28.18
165,85,3,226.49
166,78,5,35.12
166,93,2,56.81
166,51,3,148.27
166,40,5,314.28
167,15,2,371.09
167,63,3,315.43
167,37,3,352.55
167,65,1,371.93
168,9,2,304.02
169,54,4,101.74
169,71,2,209.58
169,88,2,344.42
169,86,4,267.5
170,16,1,257.66
170,81,2,468.8
171,70,3,191.49
171,7,5,30.48
171,77,1,381.45
171,41,2,189.45
171,88,4,496.5
172,73,1,358.71
172,72,1,158.62
172,29,5,170.85
172,62,3,66.7
172,83,4,416.44
172,91,5,390.08
173,44,4,316.92
173,46,2,302.61
173,79,5,134.89
173,13,5,303.15
173,96,4,392.99
174,75,5,376.96
174,80,3,166.9
174,50,5,151.16
175,25,3,122.22
175,42,1,146.85
176,86,3,402.18
176,52,4,155.56
176,18,2,491.48
176,2,2,356.37
176,58,5,230.43
176,87,3,95.76
177,79,2,52.22
177,25,1,302.61
177,64,4,306.26
177,100,3,385.64
178,68,4,472.89
179,99,1,143.49
180,13,1,429.57
181,59,2,11.22
181,78,3,207.48
182,62,3,436.16
182,50,1,343.23
182,77,3,68.73
182,55,5,339.01
182,12,1,294.37
183,25,4,411.76
183,20,1,95.8
183,35,5,77.73
184,43,5,253.25
184,89,4,391.61
184,33,3,113.33
184,4,5,136.02
185,28,1,350.21
185,57,1,217.56
185,46,1,38.34
186,2,2,353.76
187,74,5,123.08
187,6,5,460.13
187,17,4,454.32
188,65,3,321.34
188,12,1,178.15
188,46,3,311.74
188,98,4,403.11
189,8,2,316.37
189,20,5,255.28
190,86,1,5.32
190,51,1,94.34
190,96,4,302.79
191,4,1,74.88
191,91,5,133.17
192,60,1,96.98
192,89,1,25.14
192,49,4,126.33
192,73,1,377.82
192,18,2,70.67
192,65,2,168.29
193,90,4,71.75
194,72,1,43.74
194,56,3,274.41
194,100,3,449.17
194,22,3,204.07
194,96,5,285.61
195,92,2,393.81
195,11,1,178.49
195,41,2,126.36
195,78,3,385.54
195,79,2,148.36
195,44,1,304.11
196,71,4,391.89
196,6,2,284.23
196,61,4,61.53
196,16,4,68.72
196,64,4,456.95
196,59,5,286.71
197,47,3,286.55
198,2,3,153.65
199,83,3,194.34
199,4,4,492.58
199,68,5,67.57
199,83,1,326.79
199,83,5,17.09
200,42,4,445.28
200,39,3,298.44
201,39,4,498.04
201,40,4,159.73
201,41,1,287.9
202,6,4,340.57
202,5,5,235.27
202,32,3,240.44
202,56,1,255.02
202,72,5,458.61
202,61,4,35.32
203,39,1,250.48
203,60,5,258.79
203,71,1,449.12
204,10,5,441.11
204,12,4,435.04
205,22,5,333.05
205,77,1,360.64
206,27,2,483.56
206,26,3,24.07
206,100,3,345.23
206,77,2,426.67
207,53,1,223.05
207,76,2,257.34
207,81,1,5.58
208,70,3,391.68
208,51,3,446.76
209,93,2,448.98
209,56,4,226.82
209,7,3,394.29
210,6,1,426.99
210,28,5,296.9
211,87,1,330.46
211,25,5,154.86
211,1,5,15.28
211,75,5,252.41
211,76,1,239.98
211,93,3,155.85
212,60,3,41.8
212,93,2,15.34
212,33,3,24.42
212,79,5,214.34
212,35,4,178.93
213,96,1,397.39
213,31,5,496.41
213,36,5,416.21
213,51,2,14.91
213,85,5,230.91
213,41,2,168.15
214,89,1,154.15
215,19,2,218.85
215,69,1,408.79
215,32,5,396.23
215,59,4,340.81
216,34,4,447.49
216,20,3,97.27
216,90,2,240.26
216,58,2,203.47
216,63,5,201.83
217,68,2,304.21
217,21,4,230.12
218,27,1,37.18
218,31,4,430.54
218,57,3,406.51
218,3,1,305.82
219,46,1,360.42
220,68,1,174.27
220,61,2,464.82
220,93,4,193.07
220,63,3,79.91
221,21,5,10.65
221,94,2,477.52
221,71,3,229.15
222,36,2,465.42
223,25,3,355.08
223,71,4,17.89
223,75,4,74.96
223,39,4,13.4
224,61,1,220.68
224,97,4,392.42
225,90,3,273.38
225,34,3,410.83
225,90,2,97.67
225,55,5,245.81
225,47,3,81.43
226,15,2,371.69
226,10,1,182.13
226,63,2,153.02
227,54,2,308.22
227,27,1,474.8
227,78,5,372.85
227,7,3,243.03
227,94,2,90.77
227,5,4,36.85
228,56,2,331.15
228,29,5,287.04
228,11,2,217.6
228,5,5,365.03
228,47,2,120.2
229,68,4,381.58
229,31,3,401.71
229,30,2,416.88
229,42,4,50.97
229,85,2,383.94
230,83,3,77.31
230,93,3,437.51
230,31,3,372.3
231,93,5,261.13
231,4,3,47.45
231,51,2,131.14
231,31,5,44.78
231,57,4,155.46
231,94,3,288.26
232,63,5,382.08
232,1,3,156.85
232,96,3,146.46
232,85,5,410.77
232,48,5,368.83
232,83,3,156.02
233,87,2,194.27
233,71,4,26.11
234,26,3,401.76
234,39,2,184.81
234,3,4,23.1
234,62,5,451.98
234,19,2,404.24
235,93,3,450.54
235,17,3,267.29
236,83,3,225.19
237,4,1,312.49
238,95,1,264.46
238,40,2,263.36
238,9,4,111.67
238,12,5,73.56
239,48,1,149.99
239,60,1,325.33
240,83,4,168.4
240,14,5,204.33
240,7,1,302.62
241,75,5,67.37
242,64,3,25.51
242,23,4,163.43
243,93,4,126.27
243,45,5,94.26
244,96,3,250.11
244,36,1,268.12
244,33,3,202.51
244,46,2,262.86
245,4,1,422.42
245,83,5,238.88
245,58,2,133.02
245,81,3,241.7
246,61,1,162.83
246,71,2,167.53
246,80,2,136.99
246,6,1,383.84
246,91,2,474.33
247,4,5,37.47
248,63,3,69.26
248,40,4,227.85
249,34,3,161.83
250,81,5,232.81
250,52,2,149.1
251,57,5,221.21
251,80,5,325.33
251,33,3,98.99
251,68,5,147.87
252,72,4,357.16
253,20,2,114.19
253,93,2,48.23
253,26,5,393.65
253,66,1,80.89
254,58,2,39.98
254,50,4,14.31
254,22,4,271.06
254,38,1,152.13
254,32,4,110.83
255,99,3,80.65
255,48,3,316.01
255,32,5,490.89
255,64,2,230.58
256,21,1,68.25
256,68,1,52.12
257,59,2,477.41
257,25,2,493.21
258,43,5,25.53
258,40,5,442.7
259,73,4,466.07
259,60,4,18.97
259,85,2,272.54
259,13,4,179.35
259,5,5,371.16
259,33,1,297.09
260,74,3,355.34
260,4,4,345.6
260,91,5,475.71
260,18,4,204.98
261,87,4,51.45
261,71,4,85.29
261,98,2,234.31
261,39,3,327.44
262,18,4,167.5
262,49,4,276.18
262,98,5,444.07
262,41,3,141.06
262,21,2,331.75
263,38,4,368.46
263,58,5,134.5
263,41,5,290.69
263,23,3,164.75
263,38,2,312.29
264,39,1,184.69
264,36,3,325.73
265,20,4,34.74
265,88,5,179.24
265,78,5,168.12
266,58,1,215.25
266,48,4,496.33
266,66,5,408.91
266,3,3,413.19
266,48,5,402.25
266,31,1,387.37
267,24,4,283.55
267,5,2,100.16
268,41,5,488.65
268,32,4,358.71
268,56,1,355.7
268,7,2,46.15
268,79,4,356.13
269,14,3,442.05
269,42,4,246.07
269,41,1,405.64
269,30,4,218.96
269,53,2,210.09
269,65,2,351.13
270,41,5,242.77
270,69,2,396.98
270,2,1,232.45
270,35,4,386.53
271,92,3,322.01
272,32,1,256.78
272,60,3,46.2
273,74,2,337.61
273,57,4,45.59
274,63,3,382.26
274,86,5,18.52
274,51,5,402.97
274,4,2,465.14
275,10,5,86.32
275,76,3,193.94
275,57,1,403.37
275,70,5,27.16
275,2,2,148.99
276,23,1,179.89
276,52,2,382.44
276,96,5,496.27
276,21,3,322.13
276,66,4,180.91
277,13,2,414.02
277,77,1,454.01
277,5,4,103.6
277,14,4,94.32
277,61,5,101.39
277,5,2,304.96
278,71,3,403.63
278,85,4,145.07
278,28,4,177.11
278,39,4,80.73
279,25,5,277.7
280,89,3,376.96
280,76,1,138.68
281,61,2,42.14
282,48,4,354.49
283,37,3,136.68
283,16,3,443.87
283,56,3,462.2
283,82,2,157.66
284,100,1,411.16
285,75,1,261.51
285,89,5,263.94
285,44,1,320.51
285,80,3,92.09
286,84,3,381.55
286,44,3,33.87
287,79,1,171.86
287,52,5,395.46
287,47,3,487.87
287,9,4,292.8
287,15,3,239.62
287,35,3,29.92
288,38,3,445.98
289,99,5,251.63
289,56,5,471.74
289,57,1,499.57
289,50,2,315.62
289,57,3,94.74
289,54,1,311.67
290,71,5,280.75
291,44,2,122.79
291,6,5,23.52
291,75,3,154.39
291,4,5,260.76
291,73,4,283.59
291,3,3,163.47
292,74,5,179.62
293,34,1,52.74
293,5,4,470.5
293,45,3,419.84
293,1,4,80.82
293,3,5,290.49
294,55,2,177.75
294,15,2,54.15
295,28,2,63.15
295,42,5,158.89
295,38,3,57.97
295,46,4,377.55
295,92,1,170.8
296,50,2,406.87
296,33,3,60.68
297,2,2,468.11
297,99,5,16.84
297,27,5,113.65
297,77,1,325.81
297,39,5,202.0
297,1,3,47.24
298,64,5,24.22
298,93,1,260.31
298,7,2,292.32
298,33,3,480.52
298,44,2,179.69
298,9,1,90.77
299,42,3,46.45
300,1,5,94.19
300,74,2,138.84
300,18,3,179.59
300,61,4,184.33
300,22,4,321.45
300,79,3,420.37
301,47,2,177.0
302,36,4,487.49
302,39,5,446.77
303,91,3,482.7
303,29,3,476.57
303,70,4,163.2
303,96,3,61.5
304,76,3,6.99
304,71,5,261.64
304,27,1,237.72
305,49,2,368.88
305,41,2,35.3
305,15,2,403.26
305,92,4,317.24
306,10,1,127.54
307,94,3,330.92
307,46,1,162.14
307,71,3,285.51
308,85,3,375.8
308,67,5,108.67
309,75,3,68.7
309,89,4,271.79
309,68,1,371.95
309,54,4,167.52
309,25,1,83.42
309,93,2,341.5
310,87,5,31.28
310,15,5,122.78
310,9,3,194.96
310,24,4,410.38
310,73,5,108.08
310,25,1,57.23
311,39,5,432.42
311,64,2,409.05
311,16,4,327.65
311,21,2,223.59
311,3,5,338.99
312,65,1,310.13
313,60,5,110.73
314,27,5,489.19
315,26,5,412.06
315,45,2,159.57
315,4,1,459.03
315,98,1,301.36
315,22,2,226.23
316,46,1,322.96
316,14,2,260.49
317,41,5,314.02
317,12,1,310.87
317,53,2,371.38
317,22,3,148.43
317,72,1,422.58
318,14,3,253.99
318,31,2,382.9
318,67,1,332.1
318,63,5,216.42
318,6,5,231.25
318,88,4,393.74
319,67,2,278.51
319,18,5,287.24
319,85,3,140.35
319,8,3,453.37
319,9,1,59.37
319,50,4,243.7
320,87,4,461.34
320,7,5,475.65
320,68,1,146.47
320,90,2,34.81
320,2,2,63.28
321,99,1,39.49
322,90,5,203.29
322,38,4,48.87
323,79,1,344.56
324,37,2,463.22
324,77,5,398.64
325,90,1,188.04
325,52,3,139.33
326,14,2,100.98
326,3,4,183.65
326,90,1,69.15
327,38,3,79.57
327,64,1,336.0
328,52,2,135.08
328,96,2,225.28
328,41,2,112.71
328,49,3,44.12
329,24,2,258.38
329,15,1,124.83
329,35,5,60.1
329,81,1,66.23
330,98,1,143.26
330,9,4,124.56
330,77,2,166.04
330,70,4,97.54
330,68,2,336.79
330,94,2,258.81
331,29,5,212.22
331,91,3,343.37
331,10,1,67.66
331,40,1,94.83
331,62,1,36.55
331,71,3,9.69
332,7,3,480.88
332,49,5,119.49
332,3,2,407.53
332,26,1,417.22
332,49,2,415.17
333,98,1,424.81
334,20,2,162.32
334,16,2,293.65
334,49,4,451.44
335,37,1,58.33
335,65,3,492.8
335,25,4,432.7
335,45,2,391.32
336,61,2,412.3
336,71,2,482.13
336,10,1,64.19
336,65,3,144.14
337,44,4,292.38
337,61,2,249.72
337,7,1,13.72
338,9,5,235.85
339,15,4,261.78
339,5,1,235.26
339,74,2,144.06
339,63,4,132.42
340,41,4,449.09
340,61,5,19.54
340,39,1,485.61
341,75,3,311.4
342,67,3,209.1
342,34,5,389.22
342,6,2,447.61
342,6,4,86.19
342,31,3,262.92
342,2,5,378.93
343,78,5,241.56
343,26,1,320.03
343,16,4,45.46
344,80,2,29.4
345,21,1,283.61
345,99,3,335.07
345,1,4,111.89
345,51,1,413.43
345,49,3,370.55
345,92,5,485.34
346,22,1,200.0
346,8,5,386.11
346,10,4,17.15
346,3,3,352.1
346,44,3,325.65
346,86,1,210.82
347,49,5,196.52
347,77,4,195.58
347,14,2,9.65
347,9,5,244.54
348,41,4,391.03
348,83,1,264.21
348,18,2,495.95
348,63,3,371.41
348,100,3,421.39
348,86,2,7.25
349,57,2,458.82
349,87,1,471.45
349,7,2,89.99
350,26,1,268.55
350,93,1,343.12
351,94,1,202.68
351,66,1,369.56
351,49,4,470.66
351,25,5,31.29
351,2,4,146.21
352,87,4,288.98
352,90,4,207.98
352,91,3,110.8
352,76,2,8.12
352,25,4,183.89
352,8,4,279.76
353,41,2,150.37
353,89,3,154.64
353,2,1,274.11
353,36,5,104.55
354,82,1,375.1
354,98,1,209.97
354,68,3,242.79
355,2,4,392.82
355,51,3,229.55
355,85,5,450.28
355,40,3,198.0
355,82,5,310.07
355,84,3,141.36
356,97,5,442.36
357,1,2,460.61
357,53,1,38.81
357,58,5,403.12
357,64,1,100.97
357,87,1,126.85
358,42,4,383.69
358,5,3,67.02
358,29,1,146.02
359,53,3,171.05
359,13,1,340.23
359,64,5,28.75
359,75,4,205.73
359,5,2,165.97
359,44,3,472.07
360,76,1,88.26
360,31,5,106.17
360,1,2,122.29
360,95,3,15.65
360,91,3,140.91
360,46,3,369.21
361,87,3,392.54
361,5,1,488.95
361,78,5,429.3
362,13,2,200.56
362,40,4,357.43
362,85,4,280.59
363,86,2,278.52
364,67,2,469.39
364,94,5,132.88
364,29,3,234.49
365,40,5,426.85
365,10,1,48.74
366,58,5,101.98
366,27,1,79.69
366,51,5,253.92
366,25,1,448.81
366,23,5,421.35
366,98,2,393.02
367,22,3,54.29
367,40,5,427.22
368,96,4,351.38
368,8,3,275.47
368,67,2,468.07
368,21,1,145.33
369,35,3,65.29
369,68,4,401.81
369,38,1,264.75
369,74,1,452.43
369,66,4,235.33
369,60,3,231.1
370,72,5,488.92
370,37,3,221.64
370,46,2,358.65
371,20,5,15.74
371,11,5,128.36
371,98,3,19.75
372,50,2,219.75
372,81,3,464.0
373,78,3,15.54
373,72,4,208.0
374,17,1,120.79
374,85,4,318.0
374,57,3,36.3
374,67,3,209.17
374,58,2,358.89
374,4,5,464.25
375,23,4,287.54
375,86,4,201.15
376,26,2,470.76
376,34,1,54.54
376,6,1,194.63
376,90,1,356.85
376,98,5,49.34
377,77,1,61.12
377,12,3,124.2
377,72,5,165.62
378,44,5,463.35
378,2,4,478.23
379,99,4,367.15
380,2,2,255.24
380,73,3,424.4
380,77,4,397.96
380,92,5,255.53
381,23,4,230.25
381,13,2,203.47
381,24,5,356.97
381,98,5,201.3
382,94,5,335.46
382,91,5,293.71
382,76,5,439.44
382,20,5,225.93
382,33,1,220.11
383,44,2,83.01
383,51,5,93.86
383,8,3,179.06
383,29,4,175.22
384,93,2,318.27
384,45,1,237.08
385,95,4,33.8
385,76,1,358.78
385,6,1,128.13
385,7,4,479.71
385,97,3,185.92
386,37,5,368.04
386,54,2,127.53
387,71,2,21.03
387,65,5,468.86
387,52,1,138.61
387,55,3,349.76
388,52,3,411.2
388,44,3,437.61
388,84,3,174.13
388,96,4,130.24
388,70,3,33.94
388,8,4,160.37
389,89,4,98.22
389,66,3,494.02
389,50,1,476.99
389,34,5,358.04
389,96,1,53.46
389,84,5,245.11
390,63,2,401.65
390,90,4,389.85
390,60,5,445.64
390,65,1,115.18
390,85,2,390.63
390,8,2,45.4
391,36,5,212.95
391,89,2,139.66
391,27,3,310.67
391,53,3,153.58
392,42,3,412.16
392,11,1,471.98
392,21,1,454.55
393,7,3,365.73
393,47,5,236.06
393,39,3,373.24
393,4,4,100.25
393,97,4,294.52
393,74,5,335.24
394,60,2,18.49
394,24,5,148.78
394,100,3,490.72
395,46,3,121.23
395,89,3,347.9
395,88,1,242.32
395,79,2,361.38
395,88,3,345.43
395,57,4,474.0
396,33,5,321.28
396,33,1,329.5
396,46,5,482.85
396,32,4,25.73
397,60,2,401.71
397,2,3,267.04
397,7,5,289.8
397,51,1,50.51
397,61,2,299.75
397,35,5,365.64
398,16,2,272.18
398,71,4,348.26
398,40,3,454.96
398,46,1,126.7
398,5,1,125.19
398,43,5,160.64
399,72,3,220.51
399,43,5,66.82
399,84,2,30.98
399,32,2,426.62
400,14,2,491.36
400,98,4,369.22
400,19,1,475.32
401,89,1,401.48
401,26,4,34.12
401,74,2,192.5
401,33,1,134.07
402,70,2,281.55
402,34,3,422.78
402,65,2,331.72
402,81,4,19.75
402,58,4,111.55
402,25,3,353.26
403,1,2,255.03
403,94,1,214.02
403,70,3,142.92
403,33,3,295.87
403,47,4,331.91
404,45,2,481.4
404,32,2,98.63
404,6,3,300.23
405,29,2,106.14
406,5,3,452.06
406,32,3,424.86
406,87,3,278.19
406,67,5,349.17
407,8,3,15.78
407,87,1,128.93
408,64,2,87.75
408,66,2,319.47
408,30,2,87.79
408,12,5,246.4
408,66,2,304.96
408,87,2,495.42
409,13,3,408.38
409,71,1,207.46
409,13,3,327.14
409,8,1,300.11
409,29,3,139.32
409,94,4,242.64
410,46,2,366.36
410,26,2,387.86
410,36,2,35.42
410,97,3,134.75
410,82,4,148.75
410,68,4,184.76
411,72,1,43.55
411,31,5,174.17
412,88,1,130.78
412,53,2,468.19
412,25,2,128.58
412,56,1,144.69
412,94,3,184.3
412,54,4,186.59
413,21,4,177.59
414,75,5,12.58
414,76,5,306.32
414,87,3,447.76
415,34,1,277.02
416,1,4,335.39
416,89,4,77.78
416,71,3,82.4
417,18,4,300.39
418,1,1,472.53
418,92,4,43.71
418,31,3,202.31
419,25,3,358.86
420,81,3,25.33
420,17,1,369.1
421,87,3,436.54
422,49,4,232.01
422,55,3,226.35
422,13,2,221.2
422,89,1,230.79
423,17,5,346.37
424,10,1,185.74
424,3,3,170.58
424,80,5,137.86
424,35,1,56.91
424,20,3,71.58
424,42,1,168.84
425,57,4,294.78
425,58,1,17.78
425,34,5,102.16
425,97,3,95.25
425,33,3,318.8
425,74,3,113.31
426,86,2,83.57
426,11,3,255.09
426,71,5,446.51
427,68,3,337.26
428,83,5,87.07
428,56,2,387.15
429,35,5,115.75
429,96,4,104.43
430,39,5,365.18
430,92,4,205.31
430,70,3,128.01
430,48,4,289.52
430,84,5,168.66
430,99,2,339.11
431,74,2,270.73
431,91,2,15.7
431,92,2,327.1
431,11,4,474.35
431,58,2,340.74
432,35,4,72.07
432,41,4,407.85
432,24,1,258.2
432,60,5,121.05
432,8,3,79.75
432,39,1,387.36
433,87,3,146.67
433,84,4,334.34
433,39,5,61.35
433,11,1,140.92
434,40,1,470.4
434,55,1,110.71
434,84,1,90.03
434,49,2,375.83
435,68,5,11.79
435,26,3,11.52
435,37,3,307.54
435,100,5,180.9
435,70,5,111.5
435,73,1,280.57
436,39,5,22.78
436,31,4,309.95
437,20,5,118.81
437,30,1,86.97
437,50,4,81.06
437,63,2,41.03
438,48,3,283.64
438,24,3,372.21
438,97,5,305.67
439,22,2,248.27
439,48,4,108.24
439,51,2,135.52
439,35,4,264.11
440,12,5,36.9
440,26,5,450.67
441,39,2,364.66
441,79,1,13.27
442,8,1,60.78
442,79,4,259.23
442,4,5,386.8
443,22,1,29.35
443,94,3,120.82
443,80,4,97.89
443,83,2,268.33
443,7,3,271.01
444,81,4,440.35
444,18,1,388.5
445,33,2,277.24
445,2,3,496.37
445,38,1,251.37
446,34,2,240.45
447,4,2,38.92
447,48,1,245.44
448,31,4,114.96
448,50,2,448.38
448,3,4,365.99
448,29,3,74.08
449,54,5,191.76
449,28,5,449.12
449,17,5,96.99
449,64,1,91.52
449,69,1,266.96
449,22,1,462.63
450,47,2,257.85
450,31,2,467.47
450,59,5,149.09
451,15,4,259.47
451,42,3,313.11
451,62,4,339.9
451,79,4,399.15
452,13,1,420.13
452,60,3,340.0
452,64,1,483.45
452,55,1,274.85
452,46,1,224.92
452,25,1,389.47
453,92,3,242.81
453,81,2,384.4
453,28,5,462.99
453,24,3,123.07
453,41,3,230.94
453,64,4,400.44
454,42,5,66.15
454,43,3,143.72
454,73,3,161.96
454,36,3,49.08
454,58,3,126.05
454,77,3,191.03
455,87,4,309.52
455,1,3,394.48
455,6,3,170.85
455,67,2,244.93
456,98,5,100.97
456,1,5,293.06
456,82,3,471.22
456,71,5,157.57
456,31,5,364.86
456,54,4,442.95
457,81,2,135.39
457,9,1,183.53
457,26,1,112.32
457,98,3,306.74
458,42,4,494.5
458,37,5,423.73
458,57,2,424.89
458,47,5,184.21
458,45,1,37.91
459,32,2,401.53
459,84,3,437.21
459,4,2,488.29
459,45,3,425.25
460,73,2,57.32
460,72,3,329.42
460,70,2,382.08
460,6,5,422.86
461,53,5,222.13
461,91,4,79.16
461,22,3,97.5
461,20,5,121.18
461,51,2,166.02
461,77,1,214.19
462,61,4,499.78
463,74,4,104.99
463,31,1,339.54
463,57,1,383.82
463,3,4,133.72
463,30,2,478.24
463,64,2,335.62
464,69,2,222.7
465,90,4,100.41
465,45,1,104.64
465,82,1,477.17
466,49,5,113.91
466,42,3,438.44
466,70,1,139.15
466,43,4,118.23
466,6,3,38.41
467,13,2,268.24
468,68,1,146.09
469,47,2,373.99
469,58,5,74.57
469,64,1,30.43
469,41,3,427.93
470,12,3,225.63
470,43,3,91.03
470,24,5,65.92
471,25,4,214.22
472,78,4,374.25
472,50,5,280.08
472,95,4,265.47
472,58,2,475.91
472,6,5,37.69
473,45,1,453.54
474,97,3,150.73
474,51,3,71.45
474,27,1,243.35
474,45,1,118.72
475,9,3,376.9
475,21,2,52.25
475,57,2,231.56
475,9,4,457.62
475,2,5,108.11
476,66,4,413.57
476,93,4,77.18
477,69,1,73.78
477,24,5,480.48
477,98,2,352.29
477,74,1,470.73
477,63,1,281.02
478,81,2,423.17
478,31,3,63.49
479,26,4,71.16
479,61,2,69.29
479,93,3,217.46
479,97,1,457.73
479,29,2,365.39
479,63,5,244.25
480,81,5,396.23
480,33,5,41.86
480,97,3,229.57
480,17,4,433.21
480,12,2,472.11
480,31,1,352.03
481,67,4,172.89
481,3,3,192.05
481,10,4,128.0
482,27,4,452.74
482,16,5,256.78
482,62,1,219.08
482,50,1,49.43
483,33,5,283.97
483,69,1,25.68
483,61,2,187.64
483,58,5,264.95
483,97,4,284.72
483,18,2,360.19
484,75,1,266.27
484,85,1,288.09
485,9,1,182.03
486,57,3,31.25
486,22,3,154.64
486,5,4,445.58
487,76,2,416.13
488,97,3,499.2
488,34,1,469.24
489,8,2,385.75
490,41,3,159.35
490,97,3,380.37
490,85,1,346.95
491,96,5,235.58
491,74,5,49.36
491,76,2,188.79
492,2,2,380.39
492,7,3,67.29
493,65,5,74.34
493,36,5,152.71
493,17,1,332.18
493,31,2,397.6
494,28,1,79.2
495,9,1,313.09
495,19,5,157.49
496,47,5,5.72
497,55,5,296.8
497,63,3,156.8
497,33,5,430.34
497,36,3,213.0
498,14,5,136.08
498,47,1,267.69
498,15,2,265.61
498,66,3,428.5
498,60,5,215.74
498,77,3,390.66
499,71,4,156.25
499,24,3,358.7
499,83,1,489.41
499,49,4,482.8
499,97,5,62.24
500,41,5,13.49
501,14,2,129.91
501,35,2,452.79
501,26,2,69.37
501,72,4,208.57
501,99,5,418.14
501,52,1,486.27
502,83,5,102.55
502,59,3,420.22
503,36,2,24.81
503,37,3,485.61
503,46,3,446.93
503,69,2,111.17
504,55,2,136.8
504,72,4,333.28
505,7,5,419.59
505,2,4,104.08
506,13,5,321.54
506,1,3,118.8
507,4,3,87.13
507,61,4,18.53
507,98,4,453.88
507,22,2,246.53
507,7,4,368.01
508,8,5,417.58
508,93,3,69.37
508,94,2,242.87
509,20,1,49.42
509,28,5,264.6
509,79,5,423.99
509,13,5,253.29
509,41,4,322.88
509,61,4,346.5
510,45,5,323.1
510,89,2,111.0
510,76,5,67.17
511,82,5,180.6
512,8,4,439.18
512,34,3,60.02
512,83,1,171.87
512,40,3,21.76
512,92,2,295.97
512,51,4,434.41
513,70,3,292.29
513,72,1,66.75
513,83,4,210.48
513,74,1,56.89
513,82,1,499.41
514,64,2,94.33
515,31,3,497.81
516,60,1,404.72
516,95,1,293.67
516,89,3,163.18
516,67,3,82.83
516,9,1,210.54
517,1,5,305.42
517,72,5,351.97
517,46,5,365.53
517,86,2,90.51
518,11,4,197.55
518,48,5,387.47
518,7,2,282.85
518,70,4,319.53
518,44,1,155.54
518,25,5,197.29
519,6,2,443.01
519,13,3,489.38
519,30,2,206.76
519,4,2,259.05
519,56,1,249.23
520,50,5,255.59
520,28,3,228.09
521,67,4,392.26
521,58,2,428.31
521,50,3,125.06
521,65,5,46.27
521,82,3,293.04
522,97,1,225.61
522,88,2,162.71
522,89,1,488.28
522,20,3,131.68
522,48,4,390.59
522,66,3,251.37
523,99,5,125.21
523,7,1,232.57
523,17,2,8.78
523,28,3,317.54
524,63,1,210.34
524,53,3,163.46
525,62,1,162.14
525,57,4,84.23
525,100,1,491.48
525,52,1,357.89
525,29,2,425.74
526,86,3,197.0
526,24,5,281.77
527,34,5,412.24
527,57,3,276.72
527,92,3,383.54
527,44,2,60.65
527,95,5,178.81
528,29,2,435.29
528,85,2,167.42
528,22,3,178.3
528,40,1,291.25
528,71,4,469.32
529,79,3,190.53
529,91,5,181.43
529,18,2,309.07
529,89,1,72.47
529,50,4,483.23
530,37,2,134.76
530,13,5,435.79
530,19,4,97.62
531,12,5,464.38
531,78,1,121.5
531,15,4,312.9
532,18,5,474.73
533,13,2,286.12
533,85,3,60.75
533,34,3,491.35
533,23,4,378.43
533,23,2,246.5
533,60,4,435.61
534,86,5,456.41
534,69,1,16.06
535,32,2,163.79
535,44,5,77.62
535,93,3,105.07
535,94,5,65.35
536,32,4,81.84
536,73,1,318.75
536,26,3,234.03
536,36,1,110.49
537,70,3,446.39
537,2,3,395.5
537,27,4,255.45
537,46,2,240.79
538,26,3,25.37
539,89,4,113.24
540,90,4,36.32
540,55,2,87.54
540,7,4,258.1
540,20,5,235.87
541,76,3,42.31
541,30,5,88.56
541,58,1,89.46
541,15,1,154.17
541,78,2,355.3
542,36,2,216.17
542,58,1,490.23
542,14,3,187.62
543,13,4,9.88
543,30,2,268.71
543,72,2,28.4
543,17,2,24.53
544,60,2,486.22
544,68,1,478.2
544,98,4,124.19
545,80,5,231.15
545,26,3,153.79
545,92,2,328.85
545,28,4,75.12
545,51,4,325.0
546,47,5,193.61
546,53,4,25.27
546,76,2,371.78
546,84,5,188.59
547,28,2,122.25
547,11,5,389.74
547,16,4,300.38
547,61,1,376.63
548,3,5,103.96
548,35,1,328.2
548,74,4,112.41
548,11,5,166.89
548,3,3,89.0
549,14,4,297.75
549,75,1,179.67
549,37,3,495.39
549,83,2,98.31
549,72,2,254.45
550,40,2,183.71
550,70,2,409.48
550,46,4,187.58
551,65,1,107.0
551,45,1,357.87
551,74,4,486.1
551,32,1,157.91
551,39,4,47.87
552,37,2,104.32
552,83,3,151.72
552,16,4,142.6
553,83,3,130.88
553,79,4,476.16
554,50,5,388.86
554,61,5,493.67
554,34,4,339.54
555,81,3,218.38
555,88,2,488.8
556,47,5,43.26
556,97,2,155.41
556,35,5,71.46
556,46,1,283.52
556,21,2,314.94
557,66,2,291.83
557,58,4,365.81
558,42,5,212.99
558,49,4,354.2
558,51,1,6.26
558,73,4,153.33
558,94,5,367.26
558,6,5,122.43
559,95,5,29.58
560,51,3,298.86
560,56,3,179.94
560,65,2,201.34
560,17,1,99.46
560,8,3,214.32
560,75,1,493.49
561,64,5,50.46
561,83,1,305.95
561,18,5,357.12
561,96,1,51.83
561,98,1,377.04
562,7,5,391.05
562,78,4,429.67
563,89,4,458.65
563,99,2,397.44
564,90,1,346.85
564,39,3,393.74
565,97,2,218.07
565,83,4,449.89
565,51,3,251.87
565,3,2,24.34
566,68,2,315.32
566,4,1,150.28
566,19,5,16.02
567,32,1,497.86
567,8,2,226.02
567,56,2,340.4
567,14,2,262.17
567,35,5,408.42
567,49,5,371.32
568,95,2,277.7
568,28,4,403.17
569,98,1,414.48
569,92,5,344.45
570,62,5,354.22
570,82,4,437.09
570,34,4,170.5
570,79,3,498.24
570,53,5,155.78
571,66,5,234.71
571,62,3,95.78
571,3,4,272.23
572,58,1,375.98
572,57,1,324.95
572,60,4,351.57
572,40,1,161.59
572,28,1,214.7
573,69,1,88.61
574,87,2,334.25
574,34,3,109.38
574,86,5,347.62
575,100,4,77.13
576,77,3,157.35
576,98,2,208.4
576,22,5,447.08
576,37,2,321.99
576,51,1,318.1
576,87,4,194.22
577,31,4,395.34
578,13,3,155.53
578,74,4,364.38
578,44,3,76.48
579,46,2,194.67
579,78,1,16.01
579,74,3,366.98
579,20,1,372.85
580,35,2,149.95
580,9,4,365.71
580,35,4,7.0
580,1,3,187.12
580,16,4,147.65
580,100,3,85.0
581,76,1,334.8
581,8,3,69.24
581,50,4,428.66
582,8,4,242.02
582,65,3,36.27
582,100,1,477.36
582,68,2,25.59
582,27,1,134.24
582,87,3,425.58
583,73,4,259.2
583,4,4,262.21
583,72,4,383.08
583,4,2,236.78
584,61,4,379.18
584,10,2,430.57
585,25,5,93.56
585,74,3,217.54
586,96,4,395.52
586,34,1,224.43
586,8,4,415.43
586,86,4,436.53
587,1,3,67.96
588,38,2,464.38
588,96,4,239.06
588,33,5,108.7
588,88,1,185.11
588,23,3,219.39
588,37,3,249.34
589,25,2,11.05
589,89,4,319.6
589,94,5,82.91
590,76,5,72.29
590,34,1,249.33
590,11,2,456.71
590,96,2,62.77
590,40,3,381.58
590,86,2,371.68
591,65,1,153.14
591,62,3,217.18
591,89,3,84.89
592,44,1,322.67
592,38,1,269.02
592,12,3,336.75
593,25,2,82.61
593,29,3,63.96
593,39,1,242.0
593,81,5,327.31
593,59,3,258.67
594,19,2,270.99
595,19,2,321.76
595,60,2,426.13
596,59,2,237.72
596,9,3,204.03
596,45,1,349.62
597,49,5,85.53
597,73,4,423.16
597,78,1,158.61
597,89,1,220.56
597,94,3,431.35
597,69,4,198.82
598,20,5,472.32
598,4,1,210.4
598,69,1,482.01
599,29,3,222.07
599,58,2,327.16
600,1,3,478.54
600,49,2,115.86
600,24,3,134.6
600,98,3,372.09
600,44,5,473.88
600,80,5,258.37
601,49,3,449.57
601,33,4,100.02
601,58,4,140.64
602,98,5,391.97
602,49,3,266.07
602,12,1,278.18
602,90,3,62.71
603,85,2,293.19
603,95,5,174.55
604,88,1,275.03
604,87,2,217.01
604,77,2,327.34
604,96,5,363.34
604,71,5,462.22
605,71,5,13.47
605,23,5,423.84
605,14,5,454.09
605,73,4,362.17
605,54,4,368.32
605,17,1,27.77
606,3,3,30.41
606,84,2,477.73
606,26,4,404.37
606,16,5,211.63
606,80,1,294.91
607,40,3,437.74
607,42,1,281.11
607,13,5,409.42
607,25,5,176.26
607,99,4,121.21
608,2,5,406.9
608,20,4,50.47
608,94,5,446.44
608,31,5,284.41
609,68,4,416.58
609,86,4,128.78
609,16,4,103.5
609,3,3,34.49
609,45,1,6.61
610,48,1,444.03
610,14,4,445.76
611,30,5,411.8
612,20,2,201.21
613,61,5,453.14
613,63,5,275.14
613,58,3,474.3
613,99,4,88.41
613,56,2,7.41
613,44,2,73.92
614,62,4,23.09
614,21,5,490.07
614,42,4,163.31
614,65,1,26.92
615,93,4,432.69
616,56,4,191.48
616,80,3,11.64
617,77,3,456.65
617,84,3,468.11
617,22,3,82.43
618,49,5,202.5
618,100,5,390.39
618,10,2,99.58
618,10,2,167.94
618,82,5,449.16
618,95,1,498.88
619,45,5,491.04
619,60,2,356.03
619,43,1,9.28
619,52,1,43.43
619,93,3,284.64
620,44,4,71.73
620,71,3,110.54
620,85,1,473.73
620,63,2,206.55
620,43,2,90.63
620,13,2,280.41
621,40,3,383.65
621,17,2,499.85
621,19,3,151.31
621,28,5,417.8
622,29,2,173.71
622,29,2,226.7
622,66,1,42.95
622,88,2,183.05
622,44,4,216.41
623,50,3,102.62
623,54,1,62.71
623,43,3,214.03
623,70,1,167.43
624,96,4,122.4
624,96,1,92.3
624,65,2,50.5
624,54,4,307.66
624,68,2,254.5
625,65,5,349.68
626,73,4,236.86
626,76,2,398.33
626,87,5,279.9
626,35,2,397.74
626,74,3,362.98
627,94,1,314.47
627,47,1,276.23
627,68,4,153.07
628,83,5,368.95
628,90,4,55.18
628,79,2,365.74
629,20,5,149.63
629,30,3,169.03
629,45,3,489.91
630,59,5,441.19
630,33,4,119.5
630,50,2,484.03
630,36,1,329.35
630,24,3,93.5
630,63,3,85.47
631,66,1,316.34
632,41,4,209.14
632,39,2,315.98
632,96,4,404.28
632,55,1,143.02
632,35,5,417.11
632,32,5,482.11
633,6,4,341.36
633,41,1,405.88
633,93,1,11.96
634,18,4,170.57
635,81,2,415.75
635,95,5,133.02
635,48,1,368.86
635,21,2,156.93
636,72,4,316.5
636,47,3,342.19
636,99,4,390.6
637,73,3,38.88
637,29,5,55.92
637,65,3,424.88
638,90,4,70.73
638,8,1,30.3
638,70,3,123.77
638,45,3,372.5
638,69,4,237.97
639,56,5,380.41
639,80,1,72.93
639,2,5,324.77
639,92,2,13.98
640,82,4,487.75
640,36,4,67.99
641,38,5,421.11
642,61,5,232.26
642,12,5,343.11
643,80,1,203.33
643,91,3,385.95
643,6,3,364.59
644,94,3,347.39
645,30,1,149.37
645,35,2,172.36
645,14,3,15.62
645,17,1,391.49
646,27,1,461.33
646,33,5,300.81
646,9,3,63.97
646,62,1,169.1
647,84,3,316.1
647,62,4,124.95
648,92,1,99.65
648,79,5,94.85
649,54,3,421.02
649,89,3,167.79
649,83,5,158.25
649,61,3,130.74
650,73,1,71.54
651,51,2,72.26
651,19,2,407.06
651,18,3,469.59
652,68,5,470.43
653,78,4,403.02
653,59,2,317.66
653,58,4,127.76
653,21,2,164.36
654,63,5,468.63
654,14,3,297.59
654,67,3,269.51
654,80,3,437.41
654,32,4,361.38
655,4,3,335.74
655,4,2,491.51
655,100,4,368.93
656,96,2,146.91
656,15,4,124.03
656,46,4,243.06
656,93,2,268.62
656,90,2,61.84
657,48,5,331.63
657,80,5,281.21
657,4,5,39.56
657,25,1,371.51
658,91,1,182.71
658,63,5,47.57
658,34,3,178.63
659,39,1,344.57
659,39,5,232.4
660,43,1,76.01
660,27,2,414.18
661,17,3,273.95
661,43,1,150.7
661,74,4,128.41
661,98,1,189.0
661,40,4,76.77
662,78,2,102.65
662,32,5,214.23
662,74,5,7.85
662,19,1,300.56
662,31,2,486.46
662,18,1,452.2
663,92,4,229.9
663,52,3,322.12
663,27,2,364.58
663,85,1,218.34
664,94,1,473.61
665,39,5,150.42
665,16,5,308.89
665,7,3,141.82
665,32,3,315.14
666,34,3,334.5
666,20,3,132.43
667,45,1,482.41
667,91,4,288.51
667,29,3,470.17
667,95,3,34.51
668,37,2,96.89
668,31,3,283.46
669,68,5,133.76
670,1,2,151.4
670,83,2,108.14
670,94,4,235.71
670,66,5,208.8
671,22,2,75.55
671,12,4,195.61
672,26,5,122.54
672,5,2,307.72
672,33,5,234.51
672,38,2,84.56
672,80,4,47.76
672,93,1,157.2
673,59,2,419.54
674,93,5,479.04
675,59,2,348.24
675,4,2,234.19
676,61,3,469.02
676,76,3,146.26
676,47,4,111.54
677,20,5,205.11
677,98,5,177.45
678,60,3,368.16
678,68,2,268.88
678,26,4,176.1
678,72,1,50.4
678,5,3,148.14
679,22,4,292.46
679,39,2,184.26
679,59,3,403.97
679,38,3,94.82
679,81,5,56.84
679,26,2,78.4
680,26,1,388.15
680,54,4,330.03
681,61,5,80.6
681,61,2,72.78
681,35,5,124.59
682,30,5,263.09
682,90,4,99.68
682,44,1,345.98
682,42,2,338.4
682,82,2,384.08
683,41,2,477.57
683,8,2,180.65
683,10,5,190.28
684,25,1,412.09
684,69,1,466.0
684,17,5,373.52
685,85,2,435.45
686,11,2,363.55
686,59,5,99.51
687,50,5,421.13
687,79,1,499.19
687,9,5,176.0
687,97,4,236.48
688,93,4,237.0
688,33,2,214.01
688,91,2,383.79
689,62,1,21.55
689,24,3,247.05
689,42,4,250.78
690,87,4,354.27
691,22,4,322.47
691,64,4,495.63
691,82,1,252.41
691,29,5,278.3
692,54,3,381.76
692,31,5,81.78
693,34,4,240.06
693,8,2,273.21
693,35,3,432.16
693,13,3,144.26
693,37,1,76.92
693,9,1,276.57
694,43,3,36.81
695,68,3,447.28
696,37,3,138.63
696,46,5,270.29
697,26,4,234.11
697,78,5,48.95
698,55,3,318.48
698,19,5,249.45
699,10,2,50.07
699,47,1,15.73
699,22,2,374.44
699,78,4,399.75
700,4,2,44.63
700,45,5,385.12
700,94,4,199.32
700,98,3,27.75
701,23,2,315.46
701,92,1,314.93
701,21,2,107.41
701,20,5,88.42
701,21,3,429.94
702,21,5,174.04
702,20,3,48.14
702,1,5,235.49
702,94,1,357.14
702,76,4,354.02
703,92,5,66.15
703,49,4,257.07
703,8,5,363.32
703,29,1,227.41
703,86,1,370.94
703,62,2,210.44
704,67,3,109.84
704,82,3,15.26
704,14,5,253.49
704,58,5,246.85
704,33,3,69.73
705,39,4,349.43
705,26,5,271.6
705,41,3,95.31
705,13,4,182.54
706,55,2,301.54
706,34,1,57.91
706,42,1,127.11
707,31,3,50.15
707,15,3,434.44
707,9,4,199.11
707,39,5,221.28
707,60,3,292.07
708,98,2,59.46
708,9,5,428.15
709,33,2,429.69
710,37,5,350.21
710,66,3,92.13
710,46,3,13.65
710,46,1,373.24
710,92,3,315.1
711,7,1,142.09
711,1,4,337.64
711,61,3,390.35
711,60,1,328.16
711,95,1,114.24
712,87,4,245.9
712,27,1,257.49
712,31,5,306.01
712,71,5,206.08
712,7,3,498.3
712,97,5,197.28
713,45,2,387.91
713,23,4,407.26
713,89,2,344.16
713,79,4,352.97
713,18,2,297.73
713,1,3,215.89
714,23,3,325.45
714,63,4,17.49
715,89,3,161.37
715,39,1,203.22
716,1,4,85.76
716,60,2,167.12
716,33,4,84.88
717,48,5,85.34
717,22,5,489.31
717,55,3,442.5
717,14,5,88.68
717,63,4,456.14
717,12,4,12.87
718,47,1,267.68
718,58,5,118.76
718,11,4,115.7
718,65,2,77.94
718,38,4,259.89
718,20,1,485.78
719,44,2,155.09
720,63,2,291.34
721,62,2,160.49
721,36,2,463.21
721,11,3,351.61
721,5,3,30.4
722,36,2,446.22
722,67,4,497.57
722,97,4,460.28
722,46,3,167.8
723,38,5,425.08
723,95,3,307.76
724,57,2,295.48
724,56,2,490.1
725,84,3,240.19
725,3,1,492.98
725,62,4,462.47
726,18,4,472.3
726,20,3,286.51
726,93,2,49.95
726,78,5,49.23
726,29,5,30.6
726,40,2,81.7
727,33,2,393.24
728,40,3,98.63
728,92,2,243.4
728,25,1,447.39
728,24,5,483.81
728,23,2,169.9
729,92,2,93.43
729,5,1,496.87
729,39,1,256.76
729,51,5,81.03
729,64,4,134.09
729,85,4,86.11
730,84,5,226.42
731,3,2,190.33
731,2,4,278.43
731,76,5,169.67
731,41,4,88.12
731,7,1,469.0
732,26,1,467.86
732,44,2,43.71
732,44,3,223.15
732,28,2,17.9
732,67,3,294.76
733,68,4,368.91
733,90,3,14.55
734,58,4,38.83
734,16,5,64.12
735,1,5,283.7
735,34,5,114.75
735,3,1,275.78
736,52,2,220.21
736,67,4,353.74
736,22,1,372.7
736,38,1,392.77
736,51,3,132.1
736,62,3,135.87
737,46,3,376.68
737,56,5,12.99
737,94,1,261.32
737,11,2,13.57
738,48,3,28.11
738,5,5,139.63
738,97,3,409.96
738,53,5,100.99
738,67,1,26.5
739,68,4,420.98
739,23,2,496.67
739,22,1,406.63
740,9,2,152.1
740,14,1,89.56
740,80,5,430.29
740,31,4,328.17
740,50,1,95.78
740,19,1,212.34
741,7,2,154.87
741,14,3,283.55
742,48,4,88.94
742,16,4,388.55
742,24,3,265.2
742,43,5,147.9
742,76,2,429.82
743,70,5,258.26
743,97,1,212.24
743,22,3,135.14
744,12,4,246.6
744,7,1,463.76
744,54,1,304.34
744,86,4,125.74
744,19,2,15.46
744,25,2,382.26
745,48,1,133.06
745,37,1,216.22
745,64,1,180.45
746,94,2,377.06
746,99,3,483.25
746,10,3,157.2
747,2,5,26.19
747,60,4,402.68
747,20,1,49.64
748,94,1,116.27
748,57,1,151.93
748,26,2,329.63
748,75,4,20.44
748,59,5,59.45
748,31,1,131.75
749,78,5,237.31
749,74,4,297.9
750,1,4,186.71
750,50,4,163.77
750,5,5,274.44
750,51,1,257.64
750,2,3,88.05
750,3,4,211.18
751,23,2,156.08
751,12,3,455.45
751,82,4,475.27
751,86,4,419.42
752,80,2,31.19
752,86,5,401.51
753,19,3,166.03
754,93,5,281.81
754,81,4,199.3
754,80,4,32.51
754,93,3,115.22
754,63,5,42.94
755,20,1,448.47
756,49,2,319.08
756,38,4,391.91
756,21,5,476.91
756,38,4,404.21
756,36,2,473.55
756,25,1,486.34
757,2,5,14.88
757,57,3,330.56
757,17,1,174.35
757,69,4,473.0
757,73,4,334.94
758,30,1,219.45
758,14,2,86.7
758,97,2,77.2
758,60,3,95.06
758,63,2,347.31
759,6,1,469.24
759,96,3,227.01
759,55,5,113.04
759,23,5,146.71
760,26,4,266.32
760,19,5,405.3
760,27,5,318.65
760,46,1,138.07
761,93,3,223.11
761,30,4,180.2
761,65,4,402.72
761,97,3,326.35
761,2,2,321.1
761,28,4,117.59
762,94,4,310.81
762,37,5,330.51
762,7,1,499.25
762,86,3,474.95
762,37,2,116.73
763,47,5,247.18
764,6,4,359.66
764,67,3,140.79
765,88,2,455.03
765,23,1,81.82
766,51,4,361.57
767,68,2,456.46
767,15,5,476.99
767,27,5,55.06
767,94,3,53.64
768,29,3,111.88
768,93,1,212.21
768,27,1,217.4
769,89,3,333.2
770,11,4,182.03
770,80,2,436.74
770,37,2,278.04
770,19,4,405.43
770,45,4,400.6
771,87,2,407.85
771,99,3,52.23
771,10,2,239.23
771,28,1,189.64
771,54,1,488.73
772,54,2,138.25
772,39,2,213.15
772,21,3,187.81
772,54,3,284.54
773,91,2,183.99
773,98,3,297.86
773,23,1,473.6
773,45,4,224.01
774,84,4,112.61
774,53,3,11.88
774,3,1,459.72
774,3,1,444.98
775,23,4,468.13
775,13,2,46.05
776,77,4,260.73
776,89,3,53.23
776,60,4,19.88
777,82,3,334.06
777,95,1,306.98
777,58,4,148.7
777,97,4,243.99
777,37,1,40.48
778,79,2,441.51
778,11,3,59.89
778,23,1,484.91
778,28,4,445.99
779,59,3,282.54
779,35,2,337.17
780,3,5,317.52
780,47,2,90.53
780,11,3,10.11
780,70,2,20.3
780,53,2,116.92
781,92,2,71.48
781,58,3,422.57
781,11,2,457.9
781,21,5,78.66
781,35,3,166.82
781,67,4,355.47
782,53,4,180.69
782,14,5,53.53
782,73,5,359.32
782,81,5,332.1
782,35,3,147.81
783,4,5,411.41
783,63,4,440.74
783,12,2,219.26
783,80,2,79.45
783,99,3,196.0
783,68,4,323.66
784,15,1,237.76
784,71,2,263.84
784,51,2,344.46
785,10,1,188.02
785,89,5,426.12
785,65,3,374.91
785,99,4,323.59
785,46,4,204.39
785,75,4,20.69
786,26,2,76.27
786,45,5,130.29
786,23,3,155.14
786,42,3,437.89
786,86,5,126.77
787,4,5,21.74
787,37,3,300.57
787,1,1,469.3
787,83,5,79.76
787,62,4,478.17
788,88,3,176.56
788,66,1,173.56
788,36,5,121.21
789,17,4,255.91
789,15,4,139.98
789,46,3,217.22
789,79,5,355.91
789,15,4,145.38
789,64,5,189.15
790,41,2,67.24
790,70,3,234.94
790,56,4,29.65
790,59,1,232.82
791,91,4,316.65
791,56,4,17.06
791,28,5,397.15
791,52,2,283.49
791,51,4,322.95
791,40,4,110.79
792,44,4,217.49
792,20,4,239.71
792,2,1,336.03
792,63,2,438.6
792,24,3,288.99
793,29,5,86.09
793,82,5,107.01
794,76,2,427.04
794,36,3,316.56
794,2,3,228.75
794,3,3,450.55
795,84,4,11.58
795,14,2,459.49
795,87,2,254.34
795,88,2,410.9
795,86,5,348.42
796,36,3,392.28
796,56,3,481.17
796,42,3,404.11
797,76,1,455.23
798,55,2,328.11
798,9,5,447.18
798,35,4,316.8
799,8,1,55.54
799,24,1,356.41
799,70,1,286.26
799,96,5,220.93
799,84,3,94.01
800,50,2,432.62
800,85,2,148.99
800,43,3,183.83
801,95,3,65.37
801,30,2,185.26
801,88,1,156.15
801,70,4,321.57
801,3,3,153.36
802,28,3,456.33
803,19,1,199.38
804,25,4,243.89
805,4,1,355.37
805,79,5,253.43
806,53,1,271.98
806,1,5,472.54
806,48,3,414.78
806,6,2,337.71
807,4,4,478.87
808,57,1,313.98
808,49,5,250.16
808,16,3,419.06
808,87,2,410.15
808,2,5,50.3
808,60,1,191.9
809,82,1,79.98
809,85,5,117.36
809,40,4,151.61
809,53,1,167.35
810,66,2,205.65
810,16,1,386.64
810,21,4,381.4
810,66,1,201.76
810,34,3,147.37
811,3,3,177.04
811,77,1,27.23
812,28,1,454.64
812,4,4,371.98
812,34,2,343.69
813,69,5,463.3
813,97,3,233.9
813,81,5,420.93
814,70,1,400.28
815,83,4,211.99
815,21,3,66.06
816,97,5,158.23
816,2,1,396.96
817,27,2,31.89
817,36,1,113.94
817,2,4,403.43
818,60,4,201.53
818,15,2,203.8
819,19,5,259.0
819,83,4,215.26
819,52,4,325.67
819,5,3,341.9
819,54,1,410.26
819,63,2,439.57
820,87,2,49.93
820,67,1,165.43
820,63,5,70.63
820,50,5,193.91
820,60,4,7.13
821,64,1,95.8
821,28,3,447.86
821,41,5,403.23
821,51,1,432.41
821,19,2,23.32
822,56,3,478.42
823,68,1,332.25
823,39,3,491.72
823,49,3,482.4
824,62,5,390.68
824,73,3,271.55
824,97,3,406.11
825,39,1,347.99
825,35,2,309.85
825,16,5,57.06
825,51,1,172.1
825,65,1,432.49
826,79,4,303.62
826,1,4,429.56
826,12,3,340.86
826,73,1,171.51
826,36,4,251.34
826,39,1,149.48
827,57,2,380.17
827,19,3,78.48
828,51,4,218.8
828,87,1,64.21
828,70,5,102.27
828,3,2,275.78
828,51,4,467.67
828,20,1,273.1
829,43,2,328.29
829,33,2,131.5
829,16,2,224.71
829,34,5,233.83
830,92,3,413.38
830,11,3,221.13
830,79,4,297.42
830,23,5,78.73
830,61,4,259.78
831,22,4,91.06
831,65,4,433.12
831,31,3,50.04
831,47,3,77.05
832,82,5,242.3
832,86,2,195.09
832,34,3,228.1
833,24,2,232.06
833,79,5,364.31
833,93,3,462.69
833,36,1,174.81
833,99,4,126.4
833,43,3,312.84
834,22,3,154.77
834,100,1,202.18
834,84,1,126.82
834,34,1,84.2
834,46,4,216.9
835,9,1,355.91
835,6,4,106.16
835,37,2,44.75
835,84,2,44.24
836,9,1,11.06
836,87,1,152.86
837,49,1,204.36
837,11,2,266.64
838,28,5,366.28
838,1,2,441.93
839,18,1,129.33
839,30,1,183.35
839,8,3,112.49
839,87,4,73.11
840,42,1,322.81
840,92,4,417.59
841,29,4,451.71
842,95,3,13.78
843,13,1,206.81
843,24,2,46.51
844,76,1,328.02
844,6,2,169.59
844,95,4,428.0
845,7,1,162.38
845,56,4,65.06
846,90,2,321.35
847,76,1,400.65
847,15,1,80.31
847,74,2,132.95
847,4,2,171.01
848,93,4,11.67
848,17,5,378.29
849,42,5,100.21
849,47,1,262.37
849,40,2,470.94
849,99,4,77.52
850,8,5,133.86
850,3,2,188.25
851,3,3,45.36
851,60,1,98.18
851,92,4,50.09
851,38,2,436.25
851,82,4,144.83
852,96,4,243.22
852,79,1,239.61
852,1,3,174.93
852,60,4,72.58
853,69,5,456.47
854,63,3,297.06
854,73,2,390.47
854,50,3,267.4
854,14,4,213.11
855,76,5,176.26
856,64,2,267.87
856,86,5,88.59
856,93,1,181.37
857,10,1,363.96
857,13,2,228.15
857,19,3,347.65
857,84,1,90.85
857,36,5,6.78
858,97,2,366.05
858,10,4,318.57
858,57,2,320.29
859,92,1,287.22
859,38,3,423.97
859,17,4,351.95
860,43,2,155.53
861,53,4,29.3
861,45,5,5.67
861,66,5,121.59
862,25,3,35.45
862,48,3,110.29
862,47,1,298.05
862,96,3,105.46
863,18,2,154.96
863,100,1,452.41
863,13,1,284.07
863,94,3,141.59
864,98,5,94.98
864,61,1,82.54
864,64,3,459.17
864,12,3,9.42
865,59,3,200.99
865,28,4,108.58
865,87,3,119.58
865,7,2,326.07
865,66,5,375.24
865,20,4,11.31
866,63,1,69.64
866,8,4,484.17
866,20,3,224.89
866,13,2,227.52
866,12,5,461.78
867,57,3,312.09
867,60,1,314.58
867,74,3,304.76
867,24,4,73.46
868,5,5,336.3
868,66,4,45.05
868,58,1,17.86
868,61,5,429.08
868,53,4,462.64
868,24,5,249.42
869,16,5,85.98
869,21,5,129.0
869,7,1,34.78
869,12,1,487.41
870,89,3,88.44
871,51,4,148.63
871,89,4,182.22
871,45,3,26.0
871,66,3,120.73
872,19,4,476.34
872,44,4,255.95
872,56,2,136.33
872,57,4,38.39
872,35,1,263.27
872,26,3,64.0
873,4,1,206.42
873,34,5,291.78
873,19,5,398.2
873,4,4,279.32
873,33,3,197.36
874,45,3,478.55
875,60,4,374.05
875,28,5,167.4
875,46,1,253.8
875,72,2,97.18
875,28,1,44.82
876,5,4,7.71
876,48,1,177.31
876,16,4,450.7
877,37,1,150.19
877,65,1,157.36
877,69,1,171.4
877,70,1,159.36
877,6,5,257.49
877,88,2,432.7
878,49,1,393.86
878,59,5,450.81
878,7,1,471.99
878,100,3,191.14
878,99,1,118.62
879,50,3,351.94
879,12,4,99.24
879,61,3,137.51
879,38,2,307.03
879,38,3,230.93
879,80,5,391.98
880,99,1,430.99
880,84,2,193.03
880,37,4,163.62
880,87,4,403.81
880,74,5,124.14
881,70,1,189.77
881,53,5,83.99
881,94,2,373.73
881,17,3,14.43
881,52,5,118.56
882,67,5,294.33
883,48,5,232.79
883,6,2,130.97
884,83,1,368.69
884,35,4,266.73
884,29,2,208.22
884,23,3,24.14
885,98,4,430.01
886,43,4,85.24
886,68,2,122.52
886,32,3,462.19
886,41,3,419.75
886,93,3,168.04
886,27,4,150.75
887,14,5,39.72
887,92,3,37.0
887,61,3,390.88
887,13,3,33.39
888,9,5,362.94
888,82,2,403.98
888,57,3,47.04
889,12,5,292.04
889,89,5,47.47
890,9,2,101.88
890,12,1,484.87
891,7,5,482.0
892,76,3,183.55
892,14,1,149.0
892,50,5,218.69
892,33,3,440.85
892,76,2,173.77
892,63,4,409.74
893,20,1,113.9
893,68,1,337.62
893,69,5,215.52
893,1,3,445.93
894,32,5,43.08
894,61,5,173.47
894,27,1,369.13
894,91,4,366.38
894,41,2,473.4
894,12,3,158.02
895,100,2,54.07
895,69,5,152.04
895,83,1,6.55
895,17,3,446.47
895,20,3,69.19
896,5,5,142.32
896,41,5,122.6
897,43,3,94.51
897,13,5,25.7
898,24,5,467.93
898,14,5,482.9
898,69,5,248.28
898,93,2,314.06
898,87,2,96.21
899,80,4,140.51
900,75,2,69.58
900,94,1,104.53
900,34,4,473.11
900,56,5,95.68
901,44,2,458.57
901,11,3,303.95
901,45,3,69.76
902,92,4,346.06
902,53,4,497.8
903,23,5,184.46
903,28,1,324.58
903,56,5,483.65
903,4,1,32.83
903,39,3,421.46
904,89,2,401.28
904,4,5,432.84
904,79,4,309.7
905,52,4,12.38
905,59,4,93.27
905,74,2,234.98
906,35,1,431.88
906,41,1,132.77
907,84,2,480.99
907,32,3,84.73
907,3,2,355.45
907,7,4,308.45
907,15,2,23.84
907,79,5,130.01
908,20,3,409.32
908,24,2,231.8
908,41,3,65.58
908,57,1,281.65
909,28,4,293.51
909,17,4,399.86
909,98,3,428.28
909,8,3,230.4
909,90,4,229.28
909,54,3,159.92
910,87,3,11.97
911,66,4,38.12
911,65,5,319.24
912,84,3,224.84
912,60,2,427.84
912,19,1,351.37
912,19,3,430.17
912,40,1,287.8
913,42,5,238.71
913,71,4,298.71
913,81,4,140.99
913,2,1,154.02
913,40,5,400.55
913,49,5,172.34
914,40,4,45.2
914,93,3,449.03
914,47,3,212.4
914,76,4,426.74
914,51,5,292.41
914,49,2,64.82
915,89,3,24.74
915,29,5,216.11
915,1,4,33.88
915,44,3,92.11
915,18,3,383.61
915,80,5,405.07
916,57,5,157.07
917,2,4,362.11
917,85,4,277.78
917,49,3,138.2
917,1,5,361.39
917,98,5,88.57
918,30,1,477.01
918,47,3,301.23
919,82,3,381.19
920,83,1,462.4
920,60,4,46.96
921,53,5,187.57
921,27,1,70.7
921,97,3,70.68
921,2,2,39.47
921,42,3,342.91
921,84,4,45.18
922,48,5,50.4
922,26,2,86.46
922,69,5,299.03
922,8,4,294.15
923,78,5,12.97
923,35,4,499.67
924,76,2,359.07
924,21,1,20.31
924,36,4,459.89
924,75,2,281.18
924,62,1,359.29
924,26,3,44.39
925,72,5,103.29
925,86,5,160.76
925,52,1,58.32
925,33,5,282.99
925,59,1,231.24
926,9,3,361.16
926,1,2,8.15
927,59,1,39.82
928,20,2,351.05
928,35,2,400.31
929,49,3,406.21
929,100,4,64.44
929,58,4,136.11
929,11,2,44.09
929,12,5,202.95
929,65,2,16.09
930,82,5,318.85
930,61,4,347.09
930,96,2,422.04
930,33,5,464.27
931,50,5,104.55
932,6,4,6.74
932,13,4,127.08
932,12,4,288.37
932,7,4,267.45
932,13,4,168.11
932,55,1,265.87
933,45,4,43.9
933,69,2,430.13
933,56,2,116.72
933,32,4,445.62
934,59,4,440.13
934,10,4,26.03
934,78,3,21.95
934,35,1,119.86
934,52,3,215.04
935,55,5,294.61
935,35,2,26.89
935,73,4,174.44
935,45,2,291.59
935,96,1,128.89
936,40,2,183.87
936,68,2,76.87
936,67,4,397.27
937,44,3,123.56
938,53,2,139.45
938,50,2,148.36
938,51,5,158.33
938,8,1,242.61
938,26,1,308.23
938,61,2,46.82
939,47,2,136.09
939,62,1,445.08
940,34,5,429.8
940,94,3,268.06
940,58,3,242.52
940,50,4,195.89
941,84,5,122.68
941,63,2,395.74
941,18,2,255.18
941,35,4,102.32
941,94,2,296.86
941,5,3,48.22
942,30,3,293.49
942,65,5,200.48
942,96,3,352.92
942,3,2,192.93
942,57,3,25.92
942,52,3,119.27
943,10,2,177.06
943,63,5,348.78
943,80,2,265.1
944,13,4,204.47
944,53,5,91.17
944,32,1,156.86
944,82,1,376.56
945,74,4,337.99
945,79,1,344.96
946,33,1,277.87
946,83,2,231.17
946,45,1,429.6
946,60,5,462.03
947,61,5,277.02
947,11,4,318.93
947,27,2,404.5
947,24,2,13.26
948,82,4,383.85
948,25,4,70.49
949,62,1,149.89
949,90,4,274.84
949,43,5,40.13
949,29,4,90.87
949,30,2,473.81
949,38,4,290.26
950,73,2,47.55
950,91,3,271.4
950,57,4,439.06
950,50,1,399.62
950,51,4,330.17
950,65,2,160.64
951,40,5,207.35
951,63,3,439.0
952,75,1,343.4
952,26,3,192.66
952,99,3,444.19
952,10,5,111.31
952,74,2,163.51
953,69,1,91.48
954,50,5,460.85
954,60,1,323.37
954,12,1,351.43
954,39,2,461.83
954,74,1,481.66
954,58,1,213.24
955,95,3,310.82
955,73,2,384.1
955,10,3,53.77
955,39,5,131.06
955,73,1,45.08
956,3,3,184.16
956,86,4,225.26
956,50,3,170.9
956,45,2,187.64
957,86,1,420.55
958,6,1,437.0
958,99,5,195.88
958,36,2,28.82
958,68,4,292.95
959,55,2,121.81
960,37,2,242.89
960,93,2,390.87
960,11,4,93.41
960,39,2,384.56
960,15,4,323.76
961,43,1,360.53
962,5,3,84.32
962,36,1,91.01
963,81,3,486.71
963,56,4,421.43
963,48,3,196.51
963,26,3,212.93
963,34,5,351.25
964,81,1,30.25
964,34,1,192.89
964,94,2,23.4
964,40,3,255.82
964,21,5,274.38
965,67,5,410.33
965,16,4,6.46
965,63,3,460.43
965,39,4,19.73
965,5,3,248.16
966,63,3,296.34
966,70,1,59.56
966,89,4,82.82
966,96,1,224.26
966,16,5,285.01
967,69,4,169.58
967,79,5,398.58
967,73,3,343.99
967,36,1,160.23
968,70,3,280.63
968,4,3,117.8
969,6,5,23.62
969,77,3,197.34
969,95,3,391.8
969,99,2,138.63
970,7,3,428.58
971,88,1,406.09
971,12,1,102.39
971,47,5,233.09
971,72,2,163.61
971,79,1,201.49
972,2,3,218.66
972,33,1,392.04
973,84,2,449.74
974,58,5,420.64
974,48,4,187.8
975,29,4,338.84
975,41,2,419.64
976,34,3,84.4
976,52,3,431.44
976,51,2,190.84
977,15,3,482.11
977,26,1,377.38
977,71,5,345.54
978,57,1,394.97
978,4,1,45.51
978,74,4,438.58
979,1,2,288.82
979,83,2,143.57
980,12,2,203.88
980,20,5,10.26
981,62,3,253.6
981,62,2,431.17
981,72,2,297.11
981,85,2,47.12
981,74,1,380.73
981,78,1,383.79
982,62,2,200.19
982,94,1,411.26
982,90,3,315.98
982,39,3,59.14
983,30,1,186.56
983,78,3,442.42
983,2,3,261.1
983,67,2,154.17
984,71,2,432.8
984,16,4,312.17
984,24,3,192.6
984,45,2,5.7
985,70,2,457.86
985,95,5,223.34
985,42,5,316.73
985,97,3,334.24
985,31,1,451.66
985,76,5,207.68
986,25,5,354.5
986,24,4,148.16
986,60,4,193.04
987,75,4,488.83
987,86,1,246.2
988,80,3,291.99
988,64,4,203.77
989,42,5,495.91
989,82,5,384.89
989,89,5,249.81
989,81,3,52.11
989,56,1,202.72
990,48,2,219.44
990,2,4,49.78
990,5,3,387.83
991,37,2,376.84
991,15,1,88.08
992,46,2,427.94
993,97,2,415.05
994,58,2,324.79
994,73,4,179.9
994,79,2,113.73
994,14,3,409.6
994,33,5,111.89
995,58,2,261.06
995,42,5,266.93
995,79,2,292.63
995,48,1,119.19
995,44,5,113.84
995,5,3,412.38
996,61,4,54.46
997,44,5,132.51
997,50,3,144.48
998,84,4,359.32
998,52,2,81.33
998,49,1,297.05
999,95,4,127.62
999,85,5,336.93
999,63,3,44.0
999,96,1,236.93
999,39,3,321.52
999,60,4,53.8
1000,98,4,372.09
1000,76,2,239.57
1000,90,2,341.62
1001,10,3,122.98
1001,10,4,95.39
1001,42,4,309.6
1001,36,1,245.68
1001,81,4,191.19
1001,39,1,39.81
1002,92,3,40.73
1002,16,4,13.54
1002,17,3,204.84
1002,77,5,97.03
1002,48,3,51.03
1003,29,2,306.89
1003,81,4,176.66
1003,5,5,35.86
1003,61,3,259.72
1003,62,1,246.82
1003,46,1,41.41
1004,19,5,419.96
1004,67,2,366.3
1005,52,5,323.55
1006,26,2,477.41
1006,96,1,411.63
1007,3,1,111.33
1007,37,3,315.4
1007,93,1,400.23
1008,13,5,246.53
1008,28,5,247.99
1008,78,5,224.5
1008,66,3,493.68
1008,12,4,340.04
1009,15,3,323.96
1009,8,5,374.46
1009,64,1,146.86
1009,67,2,156.75
1009,7,5,342.47
1010,37,1,80.01
1011,85,3,93.89
1011,96,1,276.15
1011,99,4,352.85
1011,52,5,58.05
1011,35,2,355.16
1012,12,2,316.41
1012,25,5,169.27
1013,81,5,141.59
1013,8,5,430.58
1013,25,4,113.91
1013,77,1,196.2
1013,37,4,373.87
1013,36,4,281.71
1014,57,1,172.88
1014,23,4,495.61
1015,71,5,426.02
1015,58,2,5.23
1015,66,5,390.34
1016,36,3,374.5
1016,40,3,158.16
1016,35,4,269.29
1016,72,4,300.66
1016,84,5,465.72
1016,73,1,424.91
1017,11,3,101.63
1017,84,1,95.61
1018,22,4,43.4
1018,22,3,242.63
1018,3,1,397.79
1018,84,5,379.42
1018,49,2,308.15
1018,30,3,250.28
1019,44,5,489.89
1019,80,1,24.39
1019,58,4,120.73
1019,18,5,367.97
1019,13,4,432.07
1019,59,5,380.28
1020,48,1,176.73
1020,89,1,406.18
1020,33,1,398.84
1020,35,2,312.01
1020,84,5,232.77
1020,27,4,345.14
1021,99,4,475.32
1021,72,3,203.68
1021,100,2,30.84
1021,71,5,444.26
1021,31,1,279.41
1021,81,4,124.47
1022,24,5,426.3
1022,48,5,365.1
1022,35,2,26.99
1022,4,4,115.92
1022,22,5,410.62
1022,99,4,343.98
1023,31,5,461.85
1023,18,4,307.85
1023,31,4,205.21
1023,72,5,11.51
1023,21,1,308.73
1024,8,3,312.94
1024,47,1,376.68
1025,25,3,85.11
1026,37,2,131.29
1026,17,5,469.07
1026,88,4,209.39
1026,85,3,428.24
1027,98,3,428.94
1027,49,3,443.45
1027,38,3,59.29
1028,31,4,227.0
1028,37,5,62.23
1028,32,4,42.44
1029,17,3,313.1
1029,20,1,313.16
1029,61,5,12.75
1029,99,3,68.89
1029,46,5,167.53
1030,29,5,127.16
1030,28,3,439.26
1030,33,1,285.68
1030,26,5,38.03
1030,87,3,86.63
1031,34,2,403.18
1031,19,1,264.06
1032,7,1,76.23
1032,65,5,31.54
1033,40,4,405.43
1033,29,2,177.73
1033,72,3,403.03
1033,22,1,40.05
1033,5,1,79.09
1034,52,5,145.59
1034,99,5,15.64
1034,88,2,210.72
1035,80,2,380.93
1036,58,1,474.13
1036,62,2,21.4
1036,25,1,467.56
1037,11,1,43.69
1037,93,5,103.07
1037,67,2,260.62
1037,93,2,251.55
1038,2,5,39.95
1038,24,2,239.09
1038,20,1,103.77
1038,96,2,349.89
1039,11,1,93.13
1040,2,1,145.55
1040,7,1,109.92
1040,75,5,479.11
1041,30,4,45.34
1042,73,3,178.27
1042,15,3,105.02
1043,10,1,143.63
1043,93,1,79.02
1043,35,2,363.72
1044,69,3,29.74
1045,89,3,74.58
1045,57,1,247.51
1045,77,5,121.15
1046,30,1,282.08
1047,88,5,350.97
1048,77,1,137.84
1048,37,5,35.11
1048,15,5,161.12
1048,11,4,476.78
1048,51,5,23.71
1049,6,3,255.13
1049,38,5,226.38
1049,73,3,238.41
1049,18,4,166.49
1049,14,5,13.67
1050,7,1,235.99
1050,41,4,266.46
1050,48,1,39.39
1051,74,5,145.99
1051,63,4,111.88
1051,46,3,87.39
1051,83,3,11.12
1051,68,2,197.37
1052,1,4,238.08
1053,77,1,129.75
1053,26,2,273.65
1053,96,4,421.65
1053,60,2,307.8
1053,75,4,270.09
1054,88,5,456.82
1054,66,3,431.65
1055,18,4,224.36
1055,32,4,483.14
1055,18,1,325.75
1055,42,2,417.22
1055,66,4,164.64
1055,46,5,21.4
1056,15,3,192.47
1056,2,1,320.83
1057,69,2,205.79
1057,37,3,79.02
1057,88,2,261.0
1057,82,3,387.65
1058,62,4,238.4
1058,79,4,152.94
1058,89,1,387.0
1058,50,3,458.98
1058,40,4,491.92
1059,42,3,127.77
1059,55,4,259.61
1059,57,2,221.38
1059,98,2,279.92
1060,27,5,59.59
1061,46,3,389.86
1062,25,5,98.17
1063,43,4,280.64
1063,88,4,93.39
1063,31,1,166.16
1064,37,4,84.81
1064,57,5,245.87
1065,4,5,48.73
1065,90,3,122.26
1065,66,5,214.52
1065,38,2,44.95
1066,75,5,491.19
1066,36,5,286.94
1066,8,3,75.0
1066,96,5,43.05
1067,81,1,240.91
1067,27,2,175.14
1067,53,5,147.75
1067,10,1,300.35
1067,63,3,166.97
1068,65,5,455.14
1068,53,3,208.91
1068,80,1,432.64
1068,72,4,121.25
1068,2,4,323.02
1069,31,2,433.19
1069,12,1,207.95
1069,96,1,152.46
1069,93,3,456.73
1069,47,2,300.46
1070,45,1,22.3
1070,99,5,326.74
1070,86,2,442.52
1070,37,2,140.48
1071,99,1,242.49
1071,73,5,365.73
1071,48,5,417.39
1071,28,5,201.18
1072,5,3,337.85
1072,89,1,41.02
1072,4,2,45.17
1072,19,1,107.38
1073,49,2,452.34
1073,91,4,328.91
1074,100,5,34.7
1074,66,5,472.99
1074,65,4,24.07
1074,22,2,270.39
1074,70,1,485.41
1074,44,1,204.93
1075,90,1,417.65
1075,68,4,8.75
1076,19,5,453.64
1076,1,4,157.4
1077,1,5,183.47
1077,93,1,137.57
1077,89,5,72.56
1078,41,3,321.17
1078,48,5,454.59
1078,47,3,443.05
1078,90,2,407.18
1078,14,4,131.01
1079,88,5,369.92
1079,55,4,385.97
1079,29,2,131.75
1079,89,4,355.17
1079,59,2,271.48
1079,54,1,196.22
1080,19,3,251.97
1080,45,1,398.09
1080,90,2,376.72
1080,8,5,476.15
1080,94,1,290.13
1081,5,1,252.04
1081,29,3,368.44
1081,4,5,434.19
1081,59,3,153.67
1082,94,5,459.0
1082,84,1,199.59
1082,57,3,87.04
1082,48,5,326.63
1083,56,3,469.69
1083,84,3,301.13
1083,77,1,479.92
1083,26,4,160.98
1084,35,4,185.49
1084,10,5,224.32
1084,26,2,371.01
1084,73,2,208.27
1084,84,4,442.44
1084,98,4,465.24
1085,45,3,244.63
1085,43,5,278.15
1085,73,1,373.88
1085,69,3,476.32
1085,82,5,24.85
1086,58,1,215.15
1086,97,1,401.44
1087,30,4,350.88
1087,62,4,18.52
1087,35,3,281.82
1088,35,5,328.89
1088,66,2,80.19
1088,34,1,431.44
1088,56,5,324.37
1089,58,3,39.96
1089,22,2,201.14
1089,40,3,474.54
1089,92,3,278.38
1089,52,1,45.58
1090,75,5,345.1
1090,32,3,460.39
1091,37,1,130.17
1091,23,2,189.89
1091,28,4,281.3
1091,30,3,309.08
1091,28,5,155.14
1092,58,4,487.59
1093,76,4,319.78
1093,37,4,198.96
1094,37,4,264.11
1094,59,2,494.41
1094,13,2,125.48
1094,7,2,316.92
1095,64,5,459.98
1095,24,1,456.92
1095,31,3,18.51
1095,60,1,407.8
1096,57,5,191.25
1097,20,4,389.47
1097,86,2,17.05
1098,29,5,27.76
1099,42,5,459.44
1099,80,4,376.36
1099,43,1,447.43
1099,17,1,334.77
1100,48,3,220.73
1100,13,5,245.17
1100,87,4,215.07
1100,13,1,347.56
1100,45,4,437.32
1100,57,1,125.59
1101,34,5,75.93
1101,10,4,105.99
1101,42,3,299.53
1101,44,2,147.61
1101,53,5,155.88
1102,15,2,55.34
1102,20,4,390.09
1102,83,1,396.9
1102,80,2,401.3
1102,70,4,345.38
1103,94,1,50.61
1103,63,2,138.97
1103,50,4,206.93
1103,88,5,295.57
1103,8,5,300.49
1104,4,4,221.04
1105,93,4,307.31
1106,40,1,363.87
1106,56,1,30.45
1106,49,4,264.3
1106,33,1,130.91
1106,65,1,463.44
1107,67,3,391.08
1107,85,3,363.45
1107,25,1,209.61
1107,17,3,178.4
1107,94,1,409.87
1108,58,5,127.59
1108,99,2,442.7
1108,97,4,16.59
1108,56,2,334.41
1108,65,2,412.94
1108,72,2,434.05
1109,58,2,86.17
1109,31,3,102.43
1109,50,5,474.73
1110,60,5,296.49
1111,16,4,247.44
1111,85,3,256.23
1111,83,2,270.5
1111,12,4,434.79
1111,74,1,487.69
1111,71,5,12.91
1112,44,3,243.82
1112,6,2,409.02
1112,21,4,66.07
1112,44,1,306.68
1113,28,4,171.94
1113,70,5,440.48
1113,62,1,497.17
1113,76,3,352.43
1114,47,1,141.42
1114,95,4,208.55
1115,76,3,287.48
1115,25,4,407.4
1116,43,3,297.9
1117,3,5,113.86
1117,69,1,15.41
1117,13,2,124.51
1118,41,4,397.43
1118,42,5,454.31
1118,83,5,93.91
1118,43,3,327.76
1118,78,5,383.06
1119,28,2,87.6
1119,92,5,128.65
1120,98,2,86.25
1120,79,2,427.49
1120,95,5,397.9
1120,3,5,104.62
1121,82,5,79.57
1121,7,4,186.7
1121,16,4,54.49
1121,69,3,151.68
1121,72,4,316.15
1122,7,4,186.95
1122,65,2,208.2
1123,64,4,480.32
1124,59,1,178.77
1124,11,1,40.38
1124,91,2,410.11
1125,73,1,388.47
1125,31,4,256.79
1125,24,3,69.44
1126,84,3,435.71
1126,75,5,78.22
1126,51,2,218.2
1126,67,2,408.11
1126,53,4,74.97
1127,56,1,305.44
1127,33,1,383.68
1127,46,4,396.79
1127,61,5,371.87
1128,18,5,367.02
1128,99,4,129.1
1129,92,5,424.66
1129,52,2,459.8
1129,84,5,130.22
1129,43,3,170.84
1130,90,5,356.21
1130,65,1,477.69
1130,15,2,34.35
1131,57,4,245.38
1131,36,1,120.87
1131,75,2,251.33
1131,95,2,216.67
1131,37,5,174.42
1131,77,4,366.23
1132,17,1,489.44
1132,84,5,204.22
1133,72,2,480.36
1134,21,1,364.24
1135,75,5,189.86
1135,53,2,387.29
1135,86,2,138.02
1135,79,5,283.37
1135,40,5,360.55
1135,13,5,40.08
1136,53,4,183.12
1137,50,1,13.24
1138,26,5,193.47
1138,64,1,461.98
1138,59,4,339.43
1139,54,1,318.05
1139,16,3,461.26
1139,46,4,49.34
1139,68,4,489.08
1139,1,1,390.7
1140,63,4,88.17
1140,83,1,128.48
1140,74,4,185.3
1140,21,4,328.03
1140,72,5,473.67
1141,24,2,310.52
1141,63,4,442.78
1141,96,3,453.99
1141,28,3,161.56
1141,57,5,77.04
1142,30,1,63.37
1142,50,2,67.74
1142,23,5,330.39
1142,37,5,17.16
1142,40,4,487.69
1142,21,3,278.32
1143,26,4,340.21
1143,68,4,111.03
1143,45,2,40.56
1143,88,5,305.53
1144,73,2,73.58
1144,10,1,423.0
1145,78,3,132.44
1146,80,1,41.46
1146,35,3,53.07
1146,98,3,309.55
1146,51,5,204.4
1146,87,5,253.58
1147,3,4,435.37
1147,5,5,300.48
1148,26,1,46.42
1148,1,4,321.34
1148,36,5,480.1
1148,93,1,182.25
1148,79,2,333.54
1148,39,2,151.98
1149,24,2,428.57
1149,41,2,326.14
1149,9,5,63.35
1149,2,3,319.83
1149,32,4,151.44
1150,84,2,352.18
1150,35,1,144.98
1150,92,2,448.79
1151,87,1,302.18
1151,96,5,6.09
1151,45,2,142.23
1151,57,2,86.49
1151,35,5,278.67
1151,40,4,134.76
1152,64,4,351.44
1152,78,2,351.29
1152,7,2,329.91
1153,82,4,384.17
1153,19,4,155.81
1153,85,2,308.22
1153,63,2,279.48
1153,64,3,151.05
1153,45,1,98.8
1154,28,1,98.64
1154,78,2,448.31
1154,67,5,350.12
1154,79,2,327.11
1154,24,1,345.92
1155,2,1,217.97
1155,66,3,286.0
1156,26,1,110.54
1156,24,4,154.58
1156,5,2,467.15
1156,13,2,259.94
1157,98,3,386.02
1157,36,1,96.18
1158,11,5,129.03
1158,35,1,414.15
1158,25,5,332.3
1158,79,1,64.0
1159,100,2,395.41
1159,89,5,38.17
1159,99,3,385.68
1159,96,5,156.15
1159,27,5,69.39
1160,42,5,228.62
1160,71,1,389.92
1160,8,3,480.46
1160,63,3,230.3
1160,9,4,123.95
1161,96,4,389.52
1161,15,1,126.27
1161,41,1,131.09
1161,50,2,233.17
1162,67,1,301.81
1162,42,3,42.2
1162,43,4,381.8
1162,72,2,174.11
1162,56,3,235.0
1163,8,5,208.34
1163,30,4,460.45
1163,42,1,431.96
1163,93,2,17.34
1163,14,2,77.55
1164,97,1,260.88
1164,79,3,62.77
1165,80,2,333.33
1165,99,2,475.59
1165,12,2,211.08
1165,40,4,450.47
1165,25,3,147.88
1165,78,3,124.85
1166,99,1,418.41
1167,25,2,404.75
1167,34,1,167.95
1168,79,2,348.25
1168,49,5,300.34
1168,61,1,300.62
1168,5,5,465.99
1169,49,4,495.6
1169,19,2,133.68
1169,62,1,472.05
1170,75,3,400.95
1170,21,3,243.69
1170,4,1,58.96
1170,52,2,378.88
1170,57,4,433.23
1170,68,4,267.73
1171,98,4,412.68
1171,86,4,318.9
1171,10,5,420.34
1171,95,5,274.2
1172,68,2,151.84
1173,8,3,232.29
1173,12,3,378.94
1173,24,1,395.88
1173,98,2,193.3
1174,38,3,51.67
1175,10,5,298.63
1176,35,1,85.12
1176,19,2,215.48
1177,3,4,74.66
1177,92,3,397.81
1177,14,4,379.83
1178,87,5,448.95
1179,72,5,315.82
1180,96,4,169.08
1180,38,5,8.37
1180,39,2,393.45
1180,7,1,19.34
1180,11,2,39.74
1180,57,3,482.38
1181,48,1,18.48
1182,3,5,107.34
1183,22,5,212.23
1183,21,2,196.32
1183,99,2,258.61
1183,60,5,294.72
1183,52,3,55.85
1183,49,2,201.68
1184,62,4,364.09
1184,11,5,249.1
1184,91,2,361.14
1184,8,4,360.31
1184,53,2,497.14
1185,87,4,410.51
1185,64,4,499.18
1185,3,5,176.46
1185,61,5,441.36
1185,80,5,86.75
1186,31,2,52.27
1186,96,4,395.52
1186,61,1,154.47
1187,85,3,281.83
1187,46,1,94.35
1188,55,1,448.78
1189,10,3,378.49
1189,48,1,354.65
1190,75,5,445.18
1190,33,1,251.81
1190,82,5,163.39
1190,72,5,16.27
1191,20,3,391.93
1191,95,2,326.14
1192,29,1,244.9
1192,53,4,287.28
1192,5,5,334.58
1192,89,2,365.95
1193,71,1,445.71
1193,29,4,192.93
1193,12,2,155.89
1193,24,1,209.7
1194,84,5,424.49
1194,27,2,8.1
1194,23,4,126.48
1195,78,3,149.68
1195,87,3,326.87
1195,84,1,133.55
1195,93,2,344.95
1195,36,2,60.07
1195,18,1,42.48
1196,82,4,318.93
1196,51,2,467.5
1196,80,3,78.9
1196,28,5,428.89
1197,90,2,7.85
1197,4,5,8.26
1198,88,1,469.74
1198,92,4,362.36
1199,51,3,261.34
1199,71,5,57.97
1199,15,2,71.3
1199,17,4,36.51
1200,37,2,362.05
1200,69,5,341.02
1200,67,4,23.6
1201,6,2,216.57
1201,23,2,207.42
1201,65,4,27.86
1201,52,1,9.37
1202,93,4,61.05
1202,80,2,471.06
1202,43,5,213.01
1202,24,3,265.24
1202,1,2,119.64
1202,53,1,304.16
1203,14,3,96.54
1203,77,4,291.76
1204,67,4,229.07
1204,14,2,116.6
1204,73,1,355.02
1204,20,4,29.57
1205,71,4,436.39
1205,48,3,131.48
1205,1,1,168.22
1205,80,5,329.41
1206,51,3,55.34
1206,67,3,130.47
1206,7,4,156.86
1206,63,1,195.65
1206,61,1,73.54
1206,69,4,366.53
1207,25,4,420.09
1207,32,2,375.11
1207,13,1,177.11
1207,32,4,174.98
1207,92,4,169.74
1208,12,3,180.37
1208,50,2,379.24
1208,62,2,245.51
1208,40,5,192.63
1208,48,3,140.18
1208,78,1,133.91
1209,88,2,376.6
1209,44,5,121.26
1210,3,1,101.04
1210,1,3,260.1
1210,32,4,219.46
1210,27,1,414.21
1210,35,1,97.33
1210,21,1,104.43
1211,85,1,101.95
1211,96,3,92.89
1211,36,4,226.83
1211,32,1,80.69
1211,45,3,213.47
1212,65,5,173.03
1212,22,5,313.41
1212,41,2,254.28
1213,33,2,468.25
1213,59,1,145.31
1213,71,3,494.53
1213,65,5,301.54
1214,38,5,17.74
1214,82,2,419.35
1214,58,5,319.78
1214,41,4,82.57
1215,83,1,248.89
1216,93,3,298.6
1217,48,4,171.19
1217,80,4,312.75
1217,72,4,54.64
1217,52,1,28.58
1217,66,1,231.65
1217,54,3,267.52
1218,79,4,482.69
1218,16,3,76.83
1218,4,4,398.81
1219,40,1,298.5
1219,68,5,260.84
1220,77,2,207.59
1220,23,3,129.08
1220,95,1,338.32
1220,21,4,258.04
1220,92,5,178.52
1220,32,4,160.12
1221,71,3,284.42
1221,52,3,265.07
1222,78,2,392.77
1222,58,3,99.75
1222,13,3,272.44
1222,89,4,90.73
1222,21,2,150.78
1223,85,1,118.18
1223,22,3,422.22
1224,8,1,333.81
1225,34,4,371.27
1226,52,5,79.52
1227,54,4,104.36
1227,11,4,254.36
1228,76,4,238.61
1228,26,4,97.77
1228,78,5,139.41
1228,22,5,494.38
1228,54,4,154.66
1228,6,4,179.11
1229,93,2,192.49
1229,40,5,28.41
1229,65,5,122.88
1230,94,3,222.35
1230,14,4,342.01
1230,27,4,51.05
1230,97,5,467.33
1230,42,2,75.29
1231,97,4,254.85
1231,79,1,274.88
1232,20,4,112.76
1232,47,2,248.49
1232,45,1,42.42
1233,30,2,298.49
1233,71,1,52.56
1233,55,1,175.32
1234,89,2,320.07
1234,86,3,459.07
1235,15,1,29.24
1235,73,4,139.57
1236,62,3,204.53
1236,58,2,250.1
1236,36,1,105.91
1236,70,2,26.87
1236,71,1,307.7
1237,50,2,428.07
1237,97,4,21.16
1237,36,5,271.0
1237,74,1,49.55
1237,70,1,376.39
1238,15,3,270.87
1238,74,3,115.27
1239,74,3,368.78
1239,69,4,263.88
1239,87,5,386.7
1240,52,4,211.18
1240,6,5,140.1
1241,100,2,125.83
1241,57,3,489.91
1241,63,2,251.42
1241,41,3,203.96
1242,7,2,44.99
1242,36,2,9.47
1242,62,5,286.19
1243,24,1,145.44
1243,78,2,86.98
1243,46,5,156.74
1243,72,5,398.33
1244,13,3,317.4
1244,55,4,181.4
1244,18,1,260.0
1245,100,1,117.95
1245,66,4,50.09
1245,7,1,425.37
1245,5,3,114.2
1246,22,4,439.4
1246,65,2,20.73
1246,75,1,213.16
1247,71,5,150.99
1247,5,5,126.48
1248,24,1,109.38
1248,64,2,7.88
1248,68,4,318.24
1248,70,2,465.8
1249,40,5,270.67
1249,15,3,424.24
1249,48,5,317.62
1249,42,1,129.46
1250,65,2,42.37
1251,10,4,184.4
1251,35,1,324.48
1251,92,5,226.43
1251,94,3,448.04
1251,89,3,427.49
1252,4,1,161.23
1252,45,4,430.32
1252,16,3,71.23
1252,66,5,367.39
1252,15,3,223.07
1252,74,5,192.34
1253,74,5,233.12
1253,68,5,316.43
1253,5,1,415.6
1254,83,4,459.33
1254,42,4,345.5
1254,94,1,315.44
1254,98,5,444.64
1255,50,3,111.97
1255,56,2,453.99
1255,73,3,79.07
1256,59,2,64.69
1256,92,2,81.93
1256,68,5,453.01
1256,56,4,121.54
1256,80,3,30.81
1257,83,1,45.54
1257,92,1,315.97
1257,2,3,178.49
1257,6,4,174.95
1258,5,2,370.53
1258,98,4,344.08
1258,8,5,366.07
1258,82,4,83.9
1258,63,1,406.2
1258,13,1,296.25
1259,74,5,489.11
1259,59,3,85.87
1259,39,1,267.31
1259,35,2,272.02
1259,86,2,334.75
1260,89,3,19.06
1260,67,2,227.7
1260,48,5,6.86
1260,8,1,254.73
1260,17,4,473.95
1260,86,1,184.06
1261,26,1,62.56
1261,100,4,357.76
1261,52,2,445.38
1261,27,3,176.64
1261,23,5,96.48
1261,38,5,31.61
1262,85,4,331.07
1262,21,4,8.26
1262,14,5,167.76
1263,73,3,499.32
1263,1,3,40.46
1263,37,5,247.26
1263,43,2,319.64
1263,72,5,55.34
1263,28,2,216.12
1264,70,5,378.24
1264,88,1,14.81
1265,84,1,330.6
1265,30,4,130.91
1265,34,5,94.7
1265,52,2,136.94
1266,75,2,244.6
1266,69,5,386.27
1266,40,3,129.18
1266,63,4,270.57
1266,77,2,126.98
1267,34,3,210.09
1267,60,4,144.78
1267,67,5,330.87
1267,48,5,33.08
1267,44,2,45.25
1267,30,4,108.19
1268,7,4,81.18
1268,55,1,168.53
1268,7,2,359.09
1268,46,3,233.78
1268,75,3,275.74
1268,93,3,268.46
1269,66,4,401.54
1269,8,5,454.41
1269,23,1,387.91
1269,45,2,17.21
1269,44,2,33.18
1270,8,1,337.3
1270,25,1,289.58
1271,23,5,67.96
1271,39,4,453.66
1271,42,5,74.39
1271,60,2,444.86
1272,66,2,351.01
1272,60,5,100.82
1272,5,5,351.28
1272,99,3,168.24
1272,60,3,441.44
1272,3,2,82.44
1273,52,5,422.68
1273,97,4,369.86
1273,45,5,368.54
1273,88,4,86.48
1273,38,1,151.78
1274,100,5,126.05
1275,64,4,74.07
1275,36,1,208.88
1275,43,1,76.77
1275,100,1,79.68
1276,31,5,469.85
1276,9,1,343.86
1276,33,1,380.88
1276,30,2,63.2
1276,55,5,361.92
1277,14,3,200.31
1277,51,4,305.98
1277,51,3,47.28
1278,78,2,190.89
1278,53,1,93.6
1278,18,4,322.42
1279,82,2,133.77
1279,23,4,416.61
1279,50,2,449.95
1279,17,5,327.38
1280,56,2,487.84
1281,58,2,210.77
1281,81,2,126.28
1281,38,3,139.53
1281,44,2,392.8
1282,3,4,289.49
1282,12,1,351.6
1282,11,4,234.08
1282,99,4,12.37
1282,61,2,249.86
1283,83,4,420.22
1283,47,4,410.62
1283,29,5,19.09
1284,78,4,293.21
1284,33,1,491.1
1284,23,1,207.23
1284,83,3,492.41
1285,56,5,229.43
1285,93,2,12.28
1286,48,2,286.51
1286,73,3,14.09
1286,53,1,441.34
1286,17,3,294.56
1287,18,4,278.24
1287,57,4,114.12
1287,33,5,479.6
1288,38,3,346.79
1288,96,3,430.71
1288,97,5,36.52
1289,10,4,494.52
1289,82,3,386.47
1289,6,2,6.88
1290,12,1,256.0
1290,28,5,49.39
1290,96,3,207.27
1290,48,5,341.67
1290,14,3,351.66
1291,90,5,179.26
1291,19,5,19.0
1291,100,3,13.52
1291,80,5,92.19
1291,22,3,216.74
1292,59,5,477.07
1292,94,2,113.0
1292,43,2,328.48
1292,74,2,442.43
1292,17,2,220.65
1292,56,2,114.02
1293,8,5,117.0
1293,58,3,364.27
1293,42,3,12.24
1293,10,4,472.87
1293,62,4,385.27
1294,55,1,367.0
1294,56,1,455.07
1294,75,3,416.77
1295,38,1,411.12
1295,90,5,97.02
1295,3,4,354.32
1295,19,3,73.87
1295,64,3,155.04
1296,13,4,433.79
1296,23,1,481.91
1296,5,2,295.78
1296,79,4,417.83
1297,29,2,14.74
1298,75,2,178.76
1299,65,4,94.44
1299,44,2,215.24
1300,53,2,436.9
1300,76,3,458.12
1300,1,2,305.29
1300,47,4,386.82
1300,83,4,425.69
1301,83,4,414.62
1301,54,1,40.09
1301,44,1,348.48
1301,19,4,487.65
1302,31,3,102.82
1303,30,5,260.78
1303,32,4,323.15
1303,86,4,319.78
1303,77,3,235.42
1303,84,2,388.92
1303,29,2,308.51
1304,100,1,139.01
1304,92,1,164.62
1304,66,1,459.77
1304,92,5,236.07
1304,11,2,295.65
1305,64,5,11.92
1305,54,5,464.87
1305,85,2,16.12
1305,68,2,129.37
1306,47,2,28.06
1306,73,3,151.43
1306,19,3,174.14
1306,75,2,279.01
1306,79,5,122.84
1306,62,2,133.7
1307,97,4,435.53
1307,79,4,281.71
1307,21,2,64.69
1307,14,1,265.15
1308,76,5,439.65
1308,22,1,484.36
1308,10,5,393.04
1309,80,2,104.52
1309,70,3,462.55
1309,86,5,346.43
1309,74,5,377.89
1310,52,5,95.81
1310,80,5,92.98
1310,60,1,315.84
1310,25,3,266.65
1310,12,5,348.09
1310,9,1,88.98
1311,9,5,146.32
1311,2,2,386.53
1311,60,4,351.48
1311,51,5,282.48
1311,85,5,223.88
1312,65,5,64.33
1313,81,4,11.06
1314,44,3,121.2
1314,10,4,81.73
1314,26,1,361.19
1314,36,2,200.33
1315,84,5,384.38
1315,96,1,78.64
1316,65,1,63.17
1316,1,4,14.03
1317,37,1,148.15
1317,72,2,254.81
1317,35,3,272.37
1317,62,5,466.01
1318,92,5,131.72
1318,39,5,10.2
1318,14,5,179.98
1319,30,4,383.15
1319,42,4,63.12
1319,100,5,68.15
1319,82,3,423.25
1319,10,5,465.49
1319,14,3,65.54
1320,55,5,279.74
1320,36,1,329.42
1320,3,1,181.82
1321,77,1,21.35
1321,96,1,341.51
1322,52,4,333.48
1323,78,4,437.6
1323,42,4,489.94
1324,79,1,446.37
1324,10,3,125.89
1324,92,4,39.56
1324,37,5,326.94
1324,4,2,234.82
1324,95,1,400.61
1325,87,3,279.31
1325,86,3,48.2
1326,45,2,46.5
1326,3,2,320.88
1326,20,5,247.8
1326,75,3,18.22
1326,18,2,405.05
1327,57,2,266.65
1327,72,2,371.71
1327,22,2,139.5
1327,96,5,439.41
1327,16,3,21.72
1328,87,4,483.29
1328,7,3,182.13
1328,11,2,436.34
1329,13,3,195.78
1329,96,2,135.69
1330,4,3,382.24
1330,89,5,487.55
1330,60,2,240.04
1330,81,2,403.82
1330,85,2,83.11
1330,73,2,470.54
1331,28,2,25.53
1331,88,5,298.44
1332,27,4,226.05
1332,50,5,415.76
1333,67,3,363.03
1333,93,2,386.9
1333,44,3,265.94
1333,80,5,473.52
1333,46,3,434.93
1333,49,4,398.62
1334,21,2,237.96
1334,1,4,178.44
1334,17,1,30.02
1335,54,3,86.39
1335,100,1,255.56
1335,51,5,492.18
1335,11,3,222.95
1336,32,3,34.53
1337,96,1,34.48
1337,87,4,121.03
1338,27,1,231.36
1338,64,3,418.38
1339,37,2,171.81
1339,4,5,72.64
1339,15,2,193.25
1340,50,2,358.83
1340,95,3,161.56
1340,44,2,122.53
1340,43,2,221.73
1340,42,5,172.67
1340,69,2,253.11
1341,90,1,338.5
1341,24,1,272.7
1342,32,2,108.02
1342,19,4,238.52
1342,95,2,85.92
1342,76,4,314.11
1342,3,3,247.39
1343,89,2,468.26
1343,68,1,47.97
1343,17,1,263.68
1344,8,5,145.49
1344,19,1,133.07
1344,75,5,338.61
1344,77,4,492.63
1345,12,4,310.24
1345,76,1,487.19
1346,16,3,62.92
1347,81,3,429.98
1348,34,5,227.35
1348,52,4,455.15
1348,70,5,302.27
1348,81,1,347.96
1349,16,3,65.67
1349,77,5,437.76
1349,69,3,36.98
1349,55,5,110.81
1349,38,3,482.32
1349,38,3,213.69
1350,35,3,99.22
1350,97,1,26.18
1350,98,4,456.81
1350,19,4,226.9
1351,90,2,230.08
1351,99,1,155.35
1351,9,5,143.23
1351,10,5,358.65
1351,5,4,126.61
1351,29,4,135.98
1352,43,5,23.4
1352,52,2,11.52
1352,2,3,484.34
1353,9,1,173.67
1353,5,2,340.77
1353,18,1,446.63
1354,57,4,371.96
1354,42,2,296.04
1355,19,4,423.26
1356,88,1,212.09
1356,27,1,17.14
1356,45,2,405.47
1357,67,2,14.32
1357,9,4,406.8
1357,66,4,491.7
1357,82,5,146.56
1358,61,3,340.31
1358,76,3,345.66
1358,98,1,238.05
1359,24,5,212.35
1359,53,3,376.4
1359,57,3,216.46
1360,85,3,474.52
1360,44,2,298.52
1361,46,5,266.45
1361,82,2,359.19
1362,85,1,199.32
1362,90,3,106.15
1362,91,3,133.34
1362,20,5,80.11
1362,99,3,50.02
1363,78,3,432.85
1363,97,2,283.97
1363,56,5,469.91
1363,41,5,349.38
1363,42,3,108.51
1363,87,5,101.01
1364,19,5,282.03
1364,35,4,379.04
1364,10,4,184.69
1364,81,4,121.55
1364,24,3,269.99
1364,92,5,163.03
1365,72,2,233.93
1365,20,3,26.27
1365,3,1,140.71
1365,13,4,126.14
1365,45,3,356.24
1366,72,2,435.12
1366,73,4,364.81
1367,82,5,239.48
1367,85,2,177.94
1367,23,5,138.59
1367,33,2,83.72
1368,39,3,225.08
1368,57,3,307.49
1368,46,3,196.33
1368,4,5,130.53
1368,85,1,417.67
1368,56,4,93.71
1369,56,3,72.96
1369,17,1,210.95
1369,98,1,158.0
1369,91,5,203.1
1369,43,5,13.82
1370,24,3,391.08
1370,77,5,77.53
1371,22,2,340.16
1371,32,5,27.91
1371,5,2,72.48
1371,86,3,322.29
1371,90,2,282.68
1372,66,3,169.47
1372,50,2,496.7
1372,61,4,349.19
1372,96,2,200.78
1373,10,3,26.62
1373,5,2,117.43
1374,7,3,133.32
1374,99,2,130.89
1374,89,1,142.97
1374,14,2,488.93
1374,31,1,404.4
1375,63,3,268.81
1375,94,4,342.18
1375,29,5,281.66
1375,54,5,93.35
1375,83,2,397.94
1376,56,4,254.97
1376,30,2,367.87
1376,98,3,385.6
1377,84,4,257.93
1377,90,3,5.3
1377,49,1,453.03
1377,44,5,125.4
1378,15,5,39.26
1379,76,4,258.85
1379,7,5,213.07
1379,8,5,127.16
1380,74,2,467.25
1380,88,5,302.27
1380,87,5,213.55
1381,70,2,469.6
1382,24,2,33.6
1383,52,1,190.82
1383,53,5,343.58
1383,97,2,117.9
1383,80,2,155.35
1383,21,4,321.06
1384,80,1,29.36
1384,22,2,130.06
1384,33,5,152.17
1385,11,1,398.4
1385,24,3,347.6
1386,63,1,220.17
1386,99,3,365.06
1387,22,3,250.04
1387,91,5,162.63
1388,2,1,465.01
1389,4,1,196.67
1390,87,1,113.77
1390,11,5,126.55
1390,17,1,255.89
1390,21,1,131.59
1390,19,2,364.07
1391,9,5,11.95
1392,35,2,475.1
1392,71,3,364.91
1392,56,5,237.22
1392,13,5,483.73
1392,6,1,314.99
1393,31,4,474.77
1394,60,1,272.06
1394,91,1,397.68
1394,66,5,191.47
1394,44,3,121.71
1395,44,4,258.67
1395,35,1,491.01
1395,80,4,480.8
1395,28,5,381.96
1395,76,3,448.07
1395,57,4,105.44
1396,81,5,309.53
1396,2,5,192.23
1397,25,2,22.58
1397,1,4,20.08
1397,80,5,451.39
1397,8,1,80.39
1397,7,1,192.9
1397,32,5,436.31
1398,99,4,57.62
1398,23,4,307.67
1398,59,1,406.31
1399,27,4,470.42
1400,93,1,162.36
1400,71,2,40.36
1401,28,3,260.29
1401,62,3,358.44
1401,7,5,39.33
1401,39,3,21.71
1401,78,2,337.49
1401,44,5,209.9
1402,43,2,46.29
1402,74,2,223.38
1402,47,2,148.21
1402,38,3,442.65
1402,90,1,314.63
1403,58,5,328.27
1403,49,2,387.76
1403,59,2,280.45
1403,91,2,330.82
1403,26,1,84.34
1403,9,3,459.16
1404,35,5,241.09
1404,60,4,9.44
1405,33,2,91.34
1405,34,3,235.68
1406,1,5,299.5
1406,75,3,121.68
1406,59,5,303.28
1406,47,2,307.41
1407,43,3,364.17
1407,28,1,365.59
1408,66,5,197.87
1409,71,1,57.32
1409,85,2,452.97
1410,6,1,67.91
1410,25,5,449.21
1411,41,3,398.84
1411,18,1,317.19
1412,14,1,187.92
1412,74,5,226.03
1412,6,2,458.08
1412,35,3,487.43
1412,23,3,431.32
1413,83,4,483.27
1413,33,3,16.18
1413,78,2,67.65
1413,82,3,466.65
1413,62,4,135.89
1413,78,5,173.49
1414,69,5,189.4
1414,25,2,423.07
1414,98,4,106.32
1414,87,1,39.5
1415,12,2,276.51
1415,92,2,137.25
1415,44,1,446.93
1415,3,4,314.07
1415,38,3,483.83
1416,10,5,255.8
1416,88,4,309.48
1416,65,3,314.95
1416,6,3,380.22
1417,4,1,169.31
1417,32,4,460.51
1417,23,1,43.13
1417,14,3,442.53
1418,19,1,244.05
1418,66,2,452.37
1418,84,2,338.5
1418,64,1,223.66
1418,2,4,307.71
1418,3,1,145.93
1419,44,4,304.15
1420,92,5,483.18
1420,75,2,195.71
1420,48,3,454.58
1420,62,2,297.12
1420,55,4,487.38
1421,46,5,91.31
1421,5,1,278.8
1421,22,3,390.67
1421,8,5,36.18
1421,61,2,361.03
1422,68,1,271.2
1422,41,2,480.17
1422,16,2,394.95
1422,92,1,463.84
1422,42,3,279.33
1423,97,3,491.52
1423,67,1,100.51
1423,31,1,150.45
1424,52,3,146.89
1424,75,3,490.39
1424,76,5,144.66
1425,87,5,80.47
1425,14,4,493.15
1426,14,2,462.05
1426,20,4,181.31
1426,64,1,448.21
1426,100,3,342.4
1427,85,5,227.17
1428,54,2,378.4
1428,22,1,346.43
1428,74,2,390.43
1428,6,1,201.53
1428,64,3,253.36
1429,28,5,293.05
1429,15,3,34.2
1429,59,4,325.3
1430,55,2,463.82
1430,63,3,263.68
1430,92,1,9.62
1430,83,1,21.23
1430,18,5,490.77
1431,91,4,402.44
1431,31,3,447.37
1431,16,4,362.43
1432,69,2,485.78
1432,61,3,250.04
1432,65,3,248.38
1432,5,4,428.66
1433,20,1,29.82
1433,18,1,76.19
1434,31,1,97.62
1434,61,4,151.49
1434,89,1,235.68
1435,75,3,71.04
1435,73,4,40.01
1435,2,3,146.62
1435,26,4,388.9
1435,34,5,223.68
1436,40,2,257.02
1436,67,4,385.16
1437,81,3,238.44
1437,6,3,440.03
1437,45,5,93.66
1437,39,1,124.78
1438,65,2,474.41
1439,99,2,131.5
1439,26,3,120.44
1439,19,3,210.13
1439,97,5,403.74
1439,22,4,396.02
1440,60,5,213.94
1440,40,5,254.63
1440,33,3,418.25
1440,11,5,132.34
1440,29,3,347.21
1440,92,4,235.28
1441,99,2,445.97
1441,1,5,211.49
1441,58,2,491.71
1441,30,1,386.97
1441,92,4,432.04
1441,94,1,249.67
1442,49,5,79.76
1442,60,2,76.35
1443,81,4,270.26
1444,95,2,234.4
1444,50,1,461.9
1444,100,5,48.33
1444,9,1,455.26
1444,91,4,454.29
1444,82,5,302.59
1445,28,3,185.8
1445,7,4,447.75
1446,58,1,358.78
1446,52,4,111.42
1446,44,3,289.45
1446,51,1,479.83
1446,35,2,195.19
1446,88,5,13.54
1447,29,4,71.76
1447,20,1,136.64
1448,3,1,266.01
1448,45,5,236.47
1448,52,5,369.41
1448,53,3,62.84
1449,94,4,245.21
1449,25,2,334.91
1449,35,2,85.54
1449,41,2,353.1
1449,80,4,359.47
1449,73,5,21.26
1450,18,3,477.1
1450,33,5,249.4
1451,86,1,442.84
1451,29,2,282.52
1451,34,1,388.88
1451,53,3,395.8
1452,22,3,185.43
1452,11,5,315.79
1452,73,4,305.92
1452,28,4,243.63
1452,76,1,328.16
1452,86,3,204.27
1453,84,2,98.19
1453,62,4,356.65
1454,47,2,493.22
1454,49,5,329.79
1454,96,3,393.88
1454,12,1,436.94
1455,56,1,288.96
1455,86,3,310.18
1455,31,1,136.62
1455,58,1,352.12
1455,65,4,435.27
1455,62,3,362.34
1456,2,2,321.65
1457,54,4,488.32
1457,22,4,290.78
1458,13,4,45.56
1458,98,2,343.93
1459,99,1,487.79
1459,73,1,115.59
1460,12,3,389.23
1460,34,2,497.16
1460,29,1,461.76
1461,85,3,78.51
1461,14,2,338.42
1461,36,4,126.49
1461,86,2,107.02
1462,44,4,259.99
1462,25,2,32.62
1462,43,3,183.07
1462,30,4,190.61
1463,58,2,102.68
1464,32,4,81.38
1464,100,1,203.09
1465,83,3,8.87
1465,13,4,382.02
1466,25,3,474.75
1466,38,4,272.31
1466,84,2,16.15
1466,17,1,486.91
1466,11,4,126.31
1467,100,4,468.4
1467,72,2,199.72
1468,19,1,483.4
1469,7,4,80.52
1469,8,3,391.27
1469,1,4,87.81
1469,50,5,427.24
1469,78,5,326.04
1470,74,3,134.76
1470,95,5,233.02
1470,58,4,80.19
1470,36,1,446.11
1470,38,3,448.72
1470,71,2,91.77
1471,54,1,106.13
1472,64,1,238.62
1472,69,1,454.96
1472,65,1,432.65
1473,19,4,308.28
1473,46,1,188.8
1473,35,1,486.5
1473,54,4,449.62
1474,28,3,276.99
1474,41,4,61.18
1475,48,1,41.39
1476,35,1,346.69
1477,27,5,334.25
1477,97,2,31.03
1477,94,4,9.53
1477,18,4,333.17
1478,34,2,360.55
1478,99,1,282.69
1479,31,3,39.18
1479,38,2,343.85
1479,45,2,171.4
1479,26,5,94.0
1479,43,1,108.15
1479,11,4,356.55
1480,67,3,350.66
1480,83,3,99.87
1480,81,2,174.09
1480,6,4,338.03
1480,49,5,93.31
1480,27,5,29.24
1481,27,1,321.53
1481,10,5,419.28
1481,29,5,463.16
1481,32,2,134.46
1481,20,2,22.14
1481,31,5,336.25
1482,64,3,360.14
1482,37,1,110.37
1482,21,2,125.83
1483,68,3,168.39
1483,54,3,226.94
1483,37,2,308.96
1484,70,4,240.19
1484,80,3,65.95
1484,57,2,197.45
1484,34,2,328.56
1484,63,5,187.81
1484,52,4,478.72
1485,46,4,431.42
1485,63,4,450.68
1485,76,3,454.35
1485,10,3,182.35
1485,14,5,130.01
1485,79,1,167.03
1486,30,5,219.18
1486,31,5,219.45
1486,19,2,41.5
1486,37,3,188.46
1487,97,4,105.81
1487,54,3,407.51
1487,35,4,295.65
1487,53,4,359.0
1487,78,3,483.94
1487,15,5,387.72
1488,52,2,153.66
1488,50,4,498.48
1488,27,2,42.35
1488,22,3,218.57
1488,70,3,348.58
1489,83,1,200.63
1489,45,1,208.74
1489,57,5,31.58
1489,11,3,256.47
1489,71,5,207.27
1490,23,1,421.58
1490,77,4,450.94
1491,77,1,175.06
1492,61,1,22.86
1492,43,1,374.44
1492,95,3,470.47
1492,8,5,15.73
1493,69,2,332.37
1493,16,5,178.76
1493,59,4,47.43
1493,21,3,346.12
1493,72,4,200.36
1494,24,3,331.82
1495,53,3,158.97
1496,87,1,60.61
1496,77,4,43.02
1496,84,1,463.39
1496,97,1,198.59
1496,86,3,205.47
1496,64,2,55.92
1497,39,2,56.94
1497,17,3,98.32
1498,19,3,400.62
1498,1,1,382.97
1498,60,5,59.49
1499,80,4,200.56
1499,52,2,421.02
1499,93,2,445.83
1499,69,3,355.47
1499,54,4,22.22
1500,14,4,293.81
1501,33,5,145.93
1501,30,1,128.93
1501,83,2,327.63
1501,5,2,214.03
1501,40,2,32.48
1502,25,5,27.85
1502,4,2,328.03
1503,28,4,340.89
1503,98,5,128.32
1503,32,1,361.69
1503,37,5,25.39
1504,14,5,322.76
1504,35,4,480.52
1504,65,5,474.42
1504,35,4,271.53
1505,73,1,160.61
1505,13,3,115.55
1505,49,2,335.24
1506,60,1,326.48
1507,54,3,293.41
1507,52,3,385.98
1507,18,4,121.74
1507,11,4,105.91
1508,44,1,118.79
1508,86,3,352.23
1509,72,1,461.28
1510,81,5,499.23
1510,57,1,369.35
1510,30,5,56.85
1510,75,1,117.75
1511,26,3,254.07
1511,15,4,389.31
1511,75,1,186.61
1512,57,3,456.22
1513,29,5,71.05
1513,77,1,433.04
1513,63,1,28.35
1514,34,5,118.2
1514,60,4,319.77
1514,95,5,468.59
1514,51,3,406.4
1515,54,5,141.52
1516,46,2,391.25
1516,92,5,432.35
1517,20,2,464.73
1517,52,5,270.36
1518,50,5,240.57
1519,80,3,95.38
1519,41,1,38.89
1519,11,5,128.11
1519,2,3,474.74
1520,1,2,72.23
1520,43,1,108.93
1520,58,1,108.31
1520,6,4,281.03
1521,93,2,348.36
1522,22,1,241.22
1522,28,3,295.21
1522,91,3,450.53
1522,43,3,154.19
1522,66,2,72.83
1523,65,2,376.26
1524,77,3,200.04
1524,3,2,7.42
1525,54,5,355.68
1525,24,5,362.48
1526,74,4,150.49
1526,76,3,333.85
1527,71,5,156.46
1527,23,3,214.49
1527,55,2,366.49
1527,56,1,8.63
1528,46,4,82.07
1528,56,3,200.75
1528,83,2,20.44
1528,35,3,371.51
1528,19,2,459.51
1528,89,1,162.72
1529,78,1,371.69
1530,73,3,64.3
1530,14,1,499.23
1531,44,3,202.4
1531,87,4,66.08
1531,30,1,180.98
1531,50,2,372.89
1531,95,2,94.06
1532,39,3,231.18
1532,57,5,422.21
1532,83,4,29.91
1532,8,5,345.83
1532,70,5,102.87
1532,37,5,114.56
1533,34,3,69.99
1533,91,2,348.24
1533,20,2,260.41
1533,75,3,323.64
1533,33,2,421.85
1534,72,1,175.5
1534,76,2,64.48
1534,57,4,347.96
1534,85,1,256.31
1535,42,2,91.58
1535,15,3,206.55
1535,92,2,499.08
1535,55,5,356.79
1536,62,1,358.1
1536,88,3,377.62
1536,38,2,237.83
1536,19,1,217.12
1537,64,4,373.0
1537,77,5,90.92
1537,67,3,19.17
1538,64,3,289.67
1538,49,5,278.17
1539,88,2,287.6
1539,65,5,325.19
1539,12,4,101.05
1539,15,3,248.3
1539,44,5,87.38
1540,71,4,115.93
1540,83,4,293.07
1540,62,3,253.87
1540,47,5,197.8
1540,96,5,109.12
1541,15,5,257.1
1541,51,2,345.93
1541,77,5,27.81
1541,89,5,114.83
1542,13,2,337.53
1542,66,4,115.21
1543,15,3,478.14
1543,8,1,271.03
1543,17,2,143.59
1544,22,5,38.4
1545,96,5,219.99
1545,57,4,266.92
1545,71,5,364.8
1545,1,1,293.06
1545,25,2,190.39
1545,45,5,161.97
1546,6,4,432.18
1546,88,5,494.63
1547,32,3,119.32
1547,2,4,255.06
1547,11,1,188.84
1547,95,1,14.14
1548,78,2,361.31
1548,31,5,269.71
1548,58,1,307.73
1548,40,2,89.39
1548,37,2,111.0
1548,70,3,422.52
1549,38,1,256.16
1549,46,5,219.39
1549,61,1,150.39
1549,19,5,327.43
1549,63,4,492.91
1549,55,2,468.64
1550,63,4,335.11
1550,93,3,137.89
1550,60,2,357.44
1550,13,4,293.36
1550,81,4,284.94
1550,79,2,281.77
1551,67,4,128.02
1551,29,3,421.75
1552,77,1,253.55
1552,14,1,260.05
1552,66,5,259.96
1552,96,3,16.2
1553,33,2,199.98
1553,11,4,70.26
1553,11,5,274.94
1554,48,2,30.95
1555,38,5,304.04
1556,52,2,73.44
1556,40,4,345.8
1556,61,4,286.82
1556,12,1,136.52
1556,92,1,445.31
1557,75,2,311.58
1557,94,3,447.43
1557,9,5,412.78
1558,43,1,170.38
1558,44,5,13.94
1558,14,4,472.81
1559,31,1,493.91
1559,37,1,433.39
1559,52,5,320.29
1559,30,3,96.55
1559,71,1,260.47
1559,36,4,240.49
1560,91,2,337.26
1560,79,3,320.12
1560,57,1,171.47
1561,81,3,276.09
1561,53,3,159.81
1562,48,3,113.48
1562,72,4,301.53
1562,90,4,77.09
1562,47,4,423.65
1563,66,4,340.83
1563,91,5,123.76
1563,85,4,241.27
1563,55,5,305.56
1564,51,3,77.85
1565,18,1,363.73
1565,10,1,127.21
1565,85,3,98.24
1565,4,3,205.74
1566,6,5,284.51
1566,78,5,447.81
1566,83,3,457.45
1566,96,1,88.65
1566,33,3,307.88
1567,25,1,142.07
1567,23,3,14.04
1567,4,3,100.94
1567,89,4,291.33
1567,35,2,188.03
1568,54,3,124.58
1568,92,3,285.84
1568,99,3,475.99
1568,57,5,120.81
1568,89,2,51.93
1569,19,3,159.52
1569,92,1,24.0
1569,54,1,208.21
1569,88,4,258.09
1569,91,5,399.49
1570,78,2,16.32
1570,28,3,194.71
1570,30,3,26.83
1570,48,2,245.5
1571,86,5,73.2
1571,33,1,207.01
1571,42,5,468.73
1571,76,5,271.21
1572,48,5,409.15
1572,55,1,66.93
1572,62,3,291.59
1572,52,5,251.72
1572,85,4,418.89
1573,53,4,266.02
1573,100,5,352.21
1573,83,1,143.27
1573,46,4,282.77
1573,100,4,218.04
1573,29,2,448.94
1574,16,5,160.33
1574,44,2,383.37
1574,41,1,398.11
1575,1,1,245.7
1575,49,2,111.86
1575,52,1,39.13
1575,24,4,377.05
1575,59,1,433.72
1576,2,4,464.24
1576,41,3,314.83
1576,77,3,102.45
1576,14,4,121.51
1576,12,1,106.04
1577,76,3,226.49
1577,34,2,261.24
1577,50,5,17.33
1578,3,3,363.96
1578,1,4,40.63
1578,73,2,44.62
1578,27,3,297.51
1578,29,2,453.79
1579,96,5,452.68
1579,63,3,247.87
1580,84,1,371.37
1580,6,3,25.26
1580,41,1,134.18
1580,37,5,410.46
1580,19,1,477.67
1581,38,4,197.71
1581,85,1,16.26
1581,77,3,332.79
1582,97,3,255.28
1582,47,4,231.69
1582,33,4,179.94
1582,95,3,35.71
1582,21,4,108.59
1582,65,4,398.81
1583,12,2,53.03
1583,64,5,162.16
1583,60,3,257.07
1584,77,2,492.44
1584,82,3,35.54
1585,6,1,260.06
1585,88,5,305.68
1585,53,5,68.7
1585,53,1,25.55
1586,49,5,217.71
1586,78,5,434.04
1587,55,2,76.35
1588,77,4,169.98
1588,11,5,414.99
1588,86,4,441.47
1589,90,3,236.33
1589,73,2,386.01
1589,32,1,210.58
1589,86,5,333.29
1589,12,5,319.5
1590,96,2,442.05
1591,70,1,216.47
1591,87,5,44.59
1591,64,1,179.13
1591,54,5,321.57
1591,57,5,370.6
1591,15,1,407.05
1592,50,1,126.31
1592,15,5,118.28
1592,1,2,395.76
1592,86,3,425.8
1593,95,2,52.27
1593,7,1,246.62
1593,30,4,138.18
1593,16,2,168.13
1593,45,3,323.79
1593,23,4,414.01
1594,66,1,32.11
1594,99,2,43.86
1594,95,2,399.42
1594,100,3,259.57
1594,3,4,319.29
1595,14,4,35.55
1595,87,3,400.55
1595,79,5,198.15
1595,95,1,249.57
1596,87,5,190.14
1597,73,4,451.31
1597,88,3,265.74
1597,61,5,319.59
1597,81,4,9.6
1597,10,2,57.34
1598,19,2,341.35
1598,48,3,474.29
1598,71,5,62.68
1598,3,4,459.46
1599,52,5,34.03
1599,71,3,71.13
1599,40,3,261.38
1599,71,5,314.46
1599,12,4,438.03
1600,61,2,323.11
1600,47,2,484.15
1600,19,3,392.26
1600,88,2,235.31
1600,88,1,462.9
1601,86,3,138.82
1602,62,3,49.37
1602,62,1,419.31
1602,45,3,140.59
1602,42,5,285.37
1602,95,4,212.99
1603,13,1,396.26
1603,60,3,406.66
1603,83,5,98.51
1603,9,3,219.49
1604,14,2,303.31
1604,4,4,134.83
1604,28,1,494.43
1604,1,3,443.45
1604,85,5,98.75
1604,28,3,328.66
1605,77,2,330.45
1605,10,1,199.57
1605,72,5,407.81
1605,70,4,172.6
1605,76,4,444.53
1605,38,2,231.9
1606,79,1,167.08
1606,39,1,454.31
1606,67,5,362.52
1606,61,3,15.71
1607,42,2,265.01
1607,62,4,323.61
1607,88,1,232.23
1607,33,3,293.28
1608,35,3,156.82
1608,86,3,200.58
1608,1,4,486.69
1608,65,4,306.66
1608,40,2,56.99
1609,54,1,374.18
1609,51,1,256.22
1610,60,2,284.7
1610,29,5,215.38
1611,32,5,185.0
1611,12,4,14.54
1611,3,2,191.77
1611,77,5,72.61
1611,16,2,281.3
1612,28,5,395.35
1612,49,2,148.56
1612,59,5,257.76
1613,58,1,380.82
1613,88,3,208.26
1613,46,4,87.25
1613,99,2,304.51
1613,27,5,59.36
1614,5,3,339.65
1615,84,1,356.03
1615,92,5,315.17
1616,32,2,461.82
1616,74,1,490.09
1617,46,2,293.07
1618,74,2,340.0
1618,30,2,477.4
1618,35,1,392.43
1618,45,1,287.25
1618,11,5,74.4
1618,72,1,467.75
1619,100,3,255.55
1619,12,3,188.16
1619,81,3,217.91
1619,67,1,31.29
1620,21,2,113.5
1621,74,4,352.38
1621,54,3,372.97
1621,70,1,109.61
1621,34,5,107.68
1621,53,2,188.02
1622,55,1,61.71
1623,28,3,206.3
1623,90,4,461.99
1623,80,5,460.55
1623,71,5,403.39
1623,23,3,357.14
1624,72,1,12.25
1624,3,4,90.77
1624,49,4,235.38
1624,93,4,263.07
1624,82,2,18.86
1624,39,2,378.19
1625,25,3,195.16
1626,3,1,294.91
1626,17,5,73.69
1626,39,4,18.14
1626,48,5,37.23
1627,82,3,55.13
1627,12,3,25.12
1627,7,2,486.79
1627,34,5,76.64
1628,61,3,420.79
1629,62,3,238.27
1629,68,4,202.4
1629,79,5,69.69
1630,40,5,106.98
1630,43,1,67.01
1630,81,1,313.23
1630,9,4,61.53
1630,84,3,441.92
1630,67,2,93.66
1631,20,4,138.26
1631,32,4,59.12
1631,84,4,189.6
1631,15,5,245.58
1631,74,4,108.36
1631,31,5,42.32
1632,55,4,8.97
1632,20,5,347.97
1632,32,5,294.91
1632,4,3,336.24
1633,94,1,422.7
1633,92,4,59.59
1633,24,5,446.42
1633,83,1,217.14
1634,93,1,94.06
1634,19,2,440.04
1634,5,4,86.7
1634,99,2,118.28
1634,18,2,220.98
1634,50,4,86.29
1635,12,1,219.84
1635,48,1,180.57
1635,20,5,424.39
1636,26,2,31.24
1636,54,3,236.78
1637,10,1,37.74
1637,25,1,490.56
1637,63,2,423.78
1637,70,4,494.91
1637,93,1,491.01
1637,39,5,166.92
1638,14,2,285.71
1638,74,5,290.73
1638,60,5,245.86
1638,13,2,290.94
1639,5,1,54.58
1639,77,2,157.71
1640,71,2,356.51
1641,83,1,377.82
1641,33,5,451.39
1641,5,2,355.29
1641,36,3,120.67
1641,48,5,417.96
1642,94,4,50.16
1643,62,4,470.02
1643,33,2,419.89
1644,17,4,98.24
1644,49,4,208.37
1644,28,3,289.35
1644,56,3,329.87
1644,98,2,453.25
1645,98,3,38.0
1646,70,5,193.93
1647,55,4,175.4
1647,4,1,51.71
1647,90,1,487.38
1647,47,4,37.04
1647,46,2,38.74
1647,30,1,364.95
1648,83,4,89.69
1648,66,2,411.14
1648,94,3,119.24
1648,73,4,331.84
1648,6,1,245.53
1649,44,4,70.7
1649,67,2,137.81
1649,58,2,211.9
1649,49,1,403.03
1650,22,5,193.76
1650,45,4,495.63
1650,14,2,76.19
1650,21,5,264.44
1650,64,1,246.7
1651,57,3,326.77
1651,50,1,403.6
1651,23,3,107.01
1651,54,4,445.1
1651,45,4,230.32
1651,90,4,134.34
1652,17,1,461.53
1652,45,3,25.22
1652,16,5,186.49
1653,65,4,112.06
1653,61,5,432.04
1653,98,1,320.09
1653,2,4,350.85
1654,50,1,55.43
1654,3,1,296.65
1654,48,3,132.66
1655,96,2,20.49
1655,1,3,427.1
1655,13,3,213.53
1655,21,1,28.83
1655,47,4,326.28
1656,64,4,268.91
1656,14,1,235.0
1656,26,4,344.74
1656,97,2,54.78
1656,94,2,142.32
1656,93,3,272.25
1657,54,1,69.59
1657,75,4,452.19
1657,51,3,376.97
1658,47,3,490.42
1658,67,5,107.43
1658,47,1,11.28
1659,44,1,125.84
1659,81,4,322.99
1659,79,2,113.25
1659,82,2,62.64
1660,77,4,440.61
1660,40,3,455.36
1660,47,3,75.93
1660,56,5,180.1
1660,11,2,115.22
1660,24,4,398.41
1661,52,5,473.6
1661,44,4,296.89
1661,97,2,420.54
1661,69,4,491.28
1661,2,3,51.06
1662,76,1,251.92
1662,61,3,90.42
1663,28,2,438.84
1663,57,2,339.62
1663,61,1,302.69
1663,83,4,101.13
1664,44,1,102.97
1664,24,3,409.79
1664,46,4,222.86
1664,68,3,454.55
1664,11,5,491.38
1665,9,2,389.47
1666,91,3,315.22
1666,63,2,176.34
1666,46,1,458.81
1667,81,5,211.02
1667,89,5,123.82
1667,3,2,374.53
1667,42,5,463.52
1667,57,5,256.39
1668,93,3,483.77
1668,20,3,107.58
1668,11,2,7.33
1668,75,4,39.73
1668,57,1,8.63
1668,70,4,19.98
1669,64,4,25.16
1670,4,3,132.43
1670,40,1,226.9
1671,8,1,61.66
1671,59,1,339.38
1671,64,2,106.71
1671,52,3,393.14
1671,44,1,429.7
1671,89,1,95.62
1672,29,5,470.96
1673,83,3,448.87
1673,100,5,421.13
1673,13,2,262.17
1673,79,1,147.83
1673,84,4,460.7
1674,91,3,347.04
1675,96,4,171.53
1676,71,5,441.82
1676,35,3,183.66
1676,39,5,185.27
1676,67,1,243.61
1676,42,2,171.78
1676,24,5,305.46
1677,10,2,281.84
1677,83,5,194.49
1677,40,4,135.08
1677,44,2,445.04
1677,9,4,269.87
1678,34,2,18.94
1678,99,5,26.71
1678,59,4,229.68
1678,33,1,303.05
1678,24,2,149.11
1679,48,3,35.6
1679,86,3,9.77
1679,45,1,56.92
1679,87,3,357.14
1679,5,1,170.69
1680,3,5,60.07
1680,79,5,124.33
1680,5,1,224.31
1680,61,3,484.1
1680,18,1,308.9
1681,40,3,194.46
1681,54,5,467.77
1681,45,4,256.38
1681,1,5,78.12
1681,23,2,348.24
1681,11,2,406.46
1682,55,4,306.51
1683,47,3,292.11
1683,26,5,497.87
1683,12,1,247.56
1683,55,3,438.97
1683,77,2,200.97
1683,66,5,248.42
1684,70,5,5.68
1684,9,3,442.72
1685,60,4,232.95
1685,96,4,187.69
1686,67,1,194.86
1686,68,1,96.37
1686,91,2,385.28
1686,87,5,393.11
1687,51,3,51.37
1687,26,1,352.89
1687,87,1,52.2
1688,12,2,43.51
1688,40,3,395.92
1688,27,4,404.16
1688,63,2,49.77
1688,92,4,329.27
1688,26,4,317.2
1689,71,1,79.26
1689,32,5,474.51
1689,20,3,246.0
1689,34,5,257.34
1689,37,5,259.53
1690,78,3,161.72
1690,4,1,472.86
1691,27,2,102.9
1691,41,4,418.32
1691,33,4,239.44
1692,81,5,311.17
1692,96,2,333.95
1693,62,1,288.26
1693,40,3,478.48
1693,28,2,404.65
1693,76,3,238.96
1693,71,3,300.48
1694,68,5,101.78
1694,20,1,68.3
1694,14,1,271.83
1694,98,2,79.52
1695,98,3,246.78
1696,7,3,194.54
1696,43,3,16.62
1697,28,4,282.66
1697,71,2,40.86
1697,80,1,374.48
1698,20,1,21.1
1698,51,3,349.03
1698,73,2,483.53
1699,77,5,353.91
1699,64,4,364.64
1699,66,5,113.07
1699,48,3,405.62
1699,79,5,127.44
1700,45,3,91.83
1700,81,4,375.62
1700,66,2,460.67
1700,59,3,65.64
1700,76,1,59.95
1700,50,4,300.75
1701,2,3,310.48
1701,19,4,441.13
1701,19,2,292.3
1701,25,3,273.56
1701,6,2,82.84
1702,43,1,219.7
1703,85,5,240.64
1703,31,5,180.14
1703,29,1,383.17
1703,79,5,12.52
1703,12,1,103.42
1703,10,1,121.22
1704,92,3,154.22
1704,77,4,411.73
1704,55,1,190.43
1704,62,1,298.7
1704,15,2,475.45
1704,11,2,158.72
1705,24,4,285.83
1706,93,1,435.97
1706,51,3,40.42
1706,87,3,438.15
1707,57,3,55.17
1707,45,3,315.43
1707,59,5,287.48
1707,72,5,144.42
1708,56,4,23.65
1708,28,2,240.83
1708,92,2,228.43
1708,54,2,451.13
1708,84,1,124.88
1708,26,3,380.32
1709,13,3,252.34
1709,33,4,477.08
1709,59,3,392.42
1709,14,3,162.55
1709,78,1,9.84
1710,9,2,361.83
1710,97,3,351.69
1710,45,2,45.14
1710,77,4,419.4
1711,18,5,89.4
1712,42,3,423.93
1712,89,2,16.64
1712,67,2,268.74
1713,77,2,476.53
1713,59,4,115.27
1713,21,3,95.81
1714,36,2,420.59
1714,79,3,73.43
1714,28,2,95.77
1714,85,5,233.85
1714,81,1,343.43
1715,64,4,285.53
1715,85,3,139.14
1715,100,4,11.37
1715,72,4,251.32
1716,73,3,378.26
1716,94,3,155.54
1717,31,3,237.71
1717,42,5,439.35
1717,66,5,129.53
1717,38,3,471.85
1717,41,5,211.81
1717,48,3,117.89
1718,38,1,121.5
1719,46,1,440.91
1719,32,4,194.31
1719,12,5,443.7
1719,30,5,97.26
1719,73,5,133.21
1719,17,3,250.04
1720,94,4,68.96
1720,96,1,331.75
1721,91,3,299.68
1721,93,3,8.71
1722,48,2,116.43
1722,49,4,154.9
1722,79,1,335.3
1723,6,2,424.05
1723,11,1,184.55
1723,69,2,51.3
1723,93,1,152.9
1723,94,1,98.98
1724,52,5,150.13
1725,62,4,226.03
1725,7,3,202.12
1725,83,3,79.95
1725,78,5,362.46
1725,51,1,428.97
1725,83,4,400.47
1726,31,1,234.66
1727,27,4,259.59
1727,88,2,432.61
1727,75,4,292.8
1727,93,2,406.98
1728,89,4,187.43
1728,20,5,258.69
1728,42,3,25.45
1728,76,3,250.48
1729,79,3,470.98
1729,18,2,38.53
1729,57,2,99.68
1729,20,4,459.69
1729,77,5,498.81
1730,46,2,378.87
1731,97,3,135.5
1732,8,1,236.71
1732,6,2,438.78
1732,66,4,355.88
1732,76,4,406.43
1733,36,5,283.78
1733,56,1,83.29
1733,7,2,201.29
1734,96,5,437.29
1735,12,1,426.66
1735,20,1,161.73
1735,94,3,445.56
1736,44,4,141.93
1736,67,4,353.17
1736,4,4,426.76
1736,97,1,340.13
1736,19,4,224.87
1737,6,4,402.45
1737,57,2,222.19
1737,73,1,92.04
1738,6,5,326.71
1739,97,1,308.06
1739,73,4,263.06
1740,75,1,227.35
1740,17,1,70.45
1741,75,5,423.32
1741,68,2,184.3
1741,9,4,468.14
1741,9,1,435.52
1741,3,5,314.34
1742,68,2,113.56
1742,70,4,184.35
1742,14,3,184.3
1742,72,4,148.93
1742,39,5,32.64
1743,54,1,166.93
1744,64,5,330.48
1744,30,4,97.23
1744,13,4,348.09
1745,92,4,237.01
1746,47,4,115.35
1746,39,3,416.66
1746,8,5,490.96
1746,33,5,84.85
1746,28,5,97.51
1746,73,3,191.82
1747,32,1,330.37
1747,64,3,351.76
1747,10,4,425.94
1747,2,4,499.71
1747,84,1,466.23
1747,3,4,405.14
1748,37,1,163.2
1748,12,4,343.01
1748,74,5,122.49
1749,35,4,423.95
1749,32,5,85.14
1749,92,1,158.51
1749,52,3,296.99
1750,80,2,99.14
1751,44,2,247.44
1751,27,2,456.69
1751,75,5,423.06
1751,58,3,136.64
1752,14,2,419.61
1752,32,2,110.82
1752,97,5,191.05
1752,93,3,314.55
1752,80,5,44.9
1753,57,3,202.83
1753,22,1,298.04
1753,11,2,14.82
1753,14,3,173.64
1753,86,5,308.69
1754,75,2,422.39
1754,54,2,117.45
1754,28,3,309.01
1754,95,4,168.25
1754,11,5,352.23
1754,72,1,234.54
1755,48,5,156.97
1755,66,5,480.21
1755,21,5,54.04
1755,69,3,482.54
1756,72,2,333.48
1757,30,2,170.95
1758,68,3,269.47
1758,96,4,384.24
1758,41,3,94.91
1758,85,5,107.22
1759,65,1,165.0
1759,81,2,98.49
1760,44,5,207.38
1760,54,3,127.56
1760,24,1,57.57
1760,47,1,386.79
1761,75,5,107.18
1761,73,3,121.84
1761,43,2,474.99
1761,91,1,44.78
1761,50,1,275.69
1762,24,4,326.81
1762,35,5,480.95
1762,47,3,202.69
1762,52,2,27.32
1762,70,2,128.8
1763,25,4,281.68
1763,94,2,405.19
1763,10,1,472.02
1763,26,5,451.96
1763,17,2,300.95
1763,25,5,93.28
1764,66,5,433.62
1764,41,1,62.67
1764,54,4,323.6
1764,39,4,136.71
1765,74,5,346.1
1765,16,2,174.43
1765,90,1,327.97
1765,36,5,364.77
1765,83,2,27.08
1765,18,3,426.97
1766,85,1,22.75
1766,28,3,331.46
1766,39,1,252.96
1766,85,4,321.28
1766,96,4,291.75
1767,98,1,435.87
1767,69,1,222.5
1767,32,5,438.96
1768,11,2,111.9
1768,98,2,358.91
1768,17,5,153.48
1768,24,2,119.45
1768,4,2,458.68
1768,83,5,491.22
1769,39,4,387.7
1769,42,4,39.83
1769,32,4,284.65
1769,55,2,352.81
1770,68,2,390.21
1771,27,2,342.21
1771,76,2,311.07
1771,75,2,343.1
1771,35,4,40.95
1771,59,1,30.72
1771,85,4,142.36
1772,12,5,265.5
1772,17,2,69.99
1772,25,2,39.69
1773,74,5,139.82
1773,54,3,323.1
1774,34,4,416.26
1774,26,5,497.83
1775,62,2,180.23
1775,78,4,84.54
1775,26,5,101.25
1776,29,2,141.31
1776,20,3,246.97
1776,18,2,432.37
1776,48,4,195.93
1777,58,4,69.11
1777,95,5,356.38
1777,98,4,461.79
1777,67,5,162.71
1777,42,5,304.84
1777,6,2,20.12
1778,6,3,160.9
1779,97,3,343.25
1779,57,4,211.7
1779,46,3,424.31
1779,53,3,31.25
1780,67,5,34.46
1781,55,2,335.63
1782,25,4,268.77
1782,47,1,278.54
1783,54,3,458.34
1783,99,2,98.59
1783,98,5,305.49
1783,68,2,175.53
1783,6,3,218.07
1784,39,1,221.95
1784,48,3,431.11
1784,49,4,478.2
1784,88,2,14.07
1784,52,5,254.37
1785,53,3,185.98
1785,37,2,73.65
1786,67,3,215.42
1787,70,4,400.78
1787,3,5,420.33
1787,76,1,420.3
1787,35,5,448.14
1787,69,1,318.88
1788,48,3,334.12
1788,98,2,442.32
1788,12,4,169.26
1788,77,3,102.04
1788,21,1,68.54
1788,81,5,444.66
1789,74,1,47.89
1789,72,2,457.69
1789,48,5,188.21
1789,81,3,448.27
1789,53,5,125.18
1789,81,2,285.5
1790,84,5,499.77
1790,80,3,272.88
1790,6,5,494.55
1790,10,1,429.02
1790,19,1,142.21
1791,39,3,466.92
1791,86,2,478.73
1791,28,5,373.68
1791,94,3,231.98
1792,96,5,299.91
1792,23,2,55.88
1792,49,4,153.33
1792,40,5,341.29
1793,91,3,120.83
1793,24,5,461.42
1794,23,5,357.43
1794,53,4,199.89
1795,40,3,92.44
1795,24,3,359.59
1795,72,3,97.03
1795,1,1,99.76
1795,21,3,212.81
1795,48,5,453.58
1796,60,3,332.58
1796,62,1,195.71
1796,12,2,406.78
1797,31,3,389.8
1798,44,5,105.73
1798,94,5,479.07
1799,87,5,486.02
1799,8,5,211.04
1799,4,3,497.68
1799,97,1,78.59
1799,50,4,397.82
1800,64,1,359.98
1800,9,1,223.23
1800,7,2,422.27
1800,52,1,237.15
1801,52,2,204.39
1802,40,5,128.77
1802,46,3,214.1
1802,49,3,447.82
1802,18,4,244.46
1802,91,5,369.82
1803,25,1,166.71
1803,28,3,62.1
1803,30,1,85.21
1803,50,4,298.82
1804,18,5,340.16
1805,61,2,49.92
1805,40,3,305.15
1806,87,3,214.41
1806,60,1,274.65
1806,41,4,339.05
1807,7,1,147.12
1807,71,3,79.27
1807,83,5,354.66
1807,11,1,440.79
1808,50,2,311.09
1809,40,3,206.77
1810,88,3,285.47
1810,80,3,77.27
1810,23,4,154.05
1810,10,2,53.42
1810,80,2,112.32
1811,72,1,317.54
1811,74,5,175.8
1811,82,3,104.26
1811,8,1,247.58
1811,5,2,24.99
1811,24,2,6.89
1812,46,4,362.11
1812,57,1,95.95
1813,49,4,297.82
1814,78,4,276.17
1814,25,3,105.19
1814,90,4,489.32
1814,85,4,48.39
1814,17,3,85.57
1814,59,3,217.67
1815,32,2,50.88
1815,59,2,422.65
1815,84,4,167.74
1815,17,1,310.63
1816,91,1,431.72
1816,32,1,451.79
1816,82,5,469.82
1816,85,5,225.69
1816,47,3,227.9
1817,93,1,151.49
1817,10,2,238.21
1818,9,4,442.43
1818,84,2,436.11
1818,73,1,370.74
1818,44,5,480.1
1818,2,1,314.73
1818,37,5,49.24
1819,37,2,358.48
1819,60,2,138.07
1819,5,2,245.09
1819,51,2,133.5
1819,47,4,476.72
1820,7,5,217.53
1820,3,3,486.4
1821,12,5,426.35
1821,4,1,390.56
1821,75,5,342.54
1822,41,5,297.43
1822,31,4,415.46
1823,7,4,334.9
1823,53,3,182.9
1823,93,5,401.6
1823,1,5,203.8
1824,59,1,335.31
1824,24,5,391.28
1825,37,5,44.14
1825,36,2,252.64
1825,49,4,415.39
1825,45,5,63.36
1825,29,2,393.76
1826,29,5,301.8
1826,95,2,451.83
1826,34,2,242.69
1826,82,2,469.4
1826,72,4,151.95
1826,45,2,145.84
1827,34,5,14.93
1827,50,4,436.5
1827,25,4,428.92
1827,5,3,176.39
1828,4,3,366.69
1828,87,4,485.05
1828,34,3,423.59
1828,42,5,448.72
1828,61,3,250.15
1829,90,1,198.99
1829,86,5,166.34
1829,67,1,244.49
1829,60,5,177.33
1830,31,1,388.07
1830,16,2,125.42
1831,91,1,376.33
1832,85,1,309.72
1833,94,1,105.45
1834,2,4,358.39
1834,73,4,323.83
1834,49,5,376.76
1834,10,5,496.1
1834,41,3,232.56
1835,86,4,362.63
1835,82,5,478.11
1835,10,3,324.36
1835,48,1,354.82
1835,67,2,109.92
1835,77,5,29.3
1836,10,3,247.99
1836,58,2,148.03
1836,84,4,172.85
1837,21,3,70.05
1837,9,5,247.0
1837,11,4,389.54
1837,62,5,339.65
1838,25,2,443.68
1838,96,4,317.28
1839,10,4,308.77
1839,65,4,428.5
1839,34,2,55.65
1839,89,3,450.75
1839,25,4,296.66
1840,41,4,161.33
1840,11,3,431.84
1840,76,2,208.41
1840,35,2,452.99
1840,54,2,19.23
1841,67,4,467.97
1841,75,2,84.59
1841,22,5,290.16
1842,60,1,416.39
1843,43,2,494.7
1843,87,5,390.19
1843,16,5,132.32
1843,37,3,498.6
1843,96,5,480.18
1843,55,5,364.37
1844,10,4,15.27
1844,23,3,30.05
1845,10,5,269.29
1845,90,5,332.75
1845,34,2,277.98
1846,4,2,449.29
1846,84,2,252.01
1846,82,5,472.53
1846,78,4,70.05
1847,7,4,162.53
1847,36,4,205.24
1848,53,2,434.06
1848,5,1,469.68
1848,13,1,403.6
1848,21,4,481.93
1849,40,3,439.47
1849,41,4,104.78
1849,56,5,113.31
1849,34,4,463.33
1850,73,1,431.68
1850,63,4,467.93
1850,35,4,272.58
1851,77,1,381.0
1851,74,1,167.77
1851,9,5,440.74
1851,85,1,249.99
1852,12,5,180.81
1852,66,4,414.91
1852,43,2,38.4
1853,80,4,73.53
1854,80,4,256.03
1854,44,5,181.59
1854,52,3,89.57
1854,95,3,333.15
1854,70,2,428.53
1854,43,1,481.98
1855,76,3,254.42
1855,68,3,243.39
1855,88,2,55.89
1856,4,1,375.34
1857,65,5,133.45
1857,10,2,397.82
1857,3,1,429.89
1858,89,5,175.51
1858,7,1,345.24
1858,10,5,183.49
1858,91,1,130.89
1858,55,1,88.88
1858,98,5,491.09
1859,100,2,437.02
1860,85,1,122.94
1860,85,3,228.18
1860,60,1,184.95
1860,52,5,298.78
1860,10,1,348.89
1861,8,5,93.08
1861,57,1,486.72
1861,27,4,468.72
1861,34,4,434.16
1862,99,1,252.57
1862,94,3,406.82
1862,5,5,323.37
1863,39,2,286.96
1863,84,4,113.93
1864,66,3,163.97
1864,72,2,405.14
1864,56,3,258.36
1864,43,3,171.38
1865,78,3,48.0
1865,3,4,340.91
1866,81,2,289.3
1866,91,5,484.45
1866,11,4,164.31
1866,36,5,464.55
1866,68,4,66.12
1866,66,3,450.0
1867,31,1,222.74
1867,85,1,63.21
1867,25,4,211.02
1867,21,5,15.46
1867,83,4,11.78
1867,29,1,314.02
1868,52,1,345.88
1868,11,2,407.79
1868,69,2,15.4
1868,97,4,134.77
1868,79,5,452.01
1869,95,3,197.74
1869,100,4,439.04
1869,54,1,15.66
1869,89,2,395.36
1869,3,1,475.11
1870,20,5,200.75
1870,99,2,139.99
1871,19,4,448.9
1871,7,5,285.18
1871,9,3,368.02
1871,74,5,210.51
1871,67,1,413.65
1871,80,5,37.78
1872,78,1,202.52
1872,67,5,249.38
1872,77,3,257.67
1872,77,5,278.81
1872,12,5,458.97
1872,30,3,466.32
1873,24,3,381.75
1873,86,2,75.17
1873,67,4,11.23
1873,91,4,193.45
1874,5,4,154.74
1874,7,1,86.93
1875,2,2,392.2
1875,62,3,86.88
1875,76,1,435.17
1875,9,1,79.42
1875,47,4,371.05
1875,25,1,314.3
1876,36,3,320.86
1876,13,5,40.69
1876,53,4,441.29
1877,23,4,13.4
1877,36,2,102.59
1877,21,2,6.16
1878,26,1,423.25
1878,41,1,335.4
1878,93,2,492.58
1878,75,1,457.75
1879,14,4,209.2
1880,93,5,301.19
1880,91,5,130.35
1880,32,3,464.57
1880,25,3,49.28
1880,54,3,6.93
1881,49,5,136.73
1882,15,3,489.79
1883,28,5,424.31
1883,51,1,486.31
1883,83,1,34.52
1883,23,1,223.17
1883,31,4,481.29
1884,27,5,137.51
1884,17,4,379.34
1884,88,4,93.89
1884,64,2,260.45
1884,96,3,256.98
1884,76,5,402.81
1885,61,3,60.08
1885,58,1,266.64
1885,74,4,453.76
1885,11,1,50.66
1885,24,3,147.34
1885,35,2,417.39
1886,37,1,394.95
1886,47,3,410.01
1886,8,5,204.12
1887,27,5,182.06
1887,54,1,379.02
1887,61,2,451.34
1887,42,2,43.43
1888,3,5,221.01
1888,98,5,289.49
1888,50,3,163.49
1888,16,4,94.2
1888,9,2,374.38
1888,17,3,436.38
1889,56,5,449.07
1889,8,3,428.02
1890,46,2,227.41
1890,75,3,283.71
1890,62,2,324.73
1890,53,4,246.41
1891,78,4,148.24
1892,59,2,45.97
1892,23,1,321.69
1892,59,1,431.95
1892,74,3,322.11
1893,16,1,490.2
1893,7,3,54.52
1894,4,2,43.97
1894,85,3,195.85
1895,46,5,348.22
1895,97,2,340.07
1895,54,1,129.46
1896,5,5,491.5
1896,16,4,299.33
1896,36,2,273.67
1896,49,4,65.58
1897,100,4,397.14
1897,20,5,307.54
1897,58,1,329.36
1897,49,4,54.01
1897,25,3,96.25
1898,92,3,131.57
1898,85,2,73.73
1898,76,2,322.9
1898,98,1,417.99
1898,57,1,181.39
1899,71,5,427.84
1900,23,2,175.29
1900,31,3,452.48
1900,57,4,96.24
1900,61,3,288.45
1900,49,4,173.86
1901,92,1,59.08
1901,65,5,249.15
1901,32,1,133.68
1901,45,4,360.54
1902,8,3,456.78
1902,52,2,319.18
1902,96,2,209.95
1902,6,1,31.62
1902,7,4,14.54
1902,91,3,401.09
1903,14,1,433.13
1903,6,4,97.93
1903,45,5,494.21
1903,48,1,485.23
1903,58,2,470.64
1904,32,2,253.08
1904,80,1,392.14
1904,43,3,308.22
1904,4,1,219.76
1904,39,1,201.68
1905,70,2,452.16
1906,40,3,55.33
1907,45,2,24.22
1907,22,5,392.33
1908,14,3,356.31
1908,15,3,381.48
1908,80,3,303.24
1908,19,3,59.98
1909,55,4,318.53
1910,73,5,240.68
1910,44,1,164.61
1910,60,1,298.49
1910,56,1,40.67
1910,66,2,49.74
1910,11,4,309.95
1911,59,2,423.5
1911,47,2,351.46
1911,73,1,154.56
1912,64,2,56.02
1912,98,5,98.65
1912,46,2,250.36
1913,100,4,342.2
1913,43,3,349.07
1913,44,2,21.05
1913,29,3,56.51
1913,7,1,67.12
1914,86,5,149.73
1914,45,5,117.19
1914,14,1,258.77
1914,41,4,152.15
1914,42,1,270.39
1915,37,4,166.74
1915,31,5,395.77
1915,87,4,407.07
1915,24,4,332.65
1915,66,2,306.78
1915,24,1,368.35
1916,46,4,126.12
1916,30,4,350.6
1916,12,1,115.51
1916,30,1,244.8
1916,3,4,45.19
1916,19,2,212.19
1917,19,4,486.59
1917,50,2,488.47
1918,18,4,173.92
1918,29,2,58.51
1919,93,3,372.07
1919,34,2,135.44
1919,52,4,428.22
1919,22,2,100.29
1920,59,3,252.41
1920,65,3,285.61
1920,33,4,342.72
1920,98,5,336.39
1921,53,1,473.72
1921,42,3,390.48
1922,35,4,300.93
1922,55,5,348.03
1922,30,2,159.89
1922,67,1,100.76
1923,54,3,280.07
1923,34,5,14.14
1923,12,3,496.06
1924,81,5,209.05
1925,41,2,197.04
1925,85,1,174.47
1925,48,3,289.4
1925,13,1,319.87
1925,70,4,428.47
1926,84,2,258.0
1926,70,3,139.77
1927,74,4,422.4
1928,10,4,326.64
1929,16,4,134.44
1929,80,4,180.34
1929,62,3,34.45
1929,100,1,16.96
1929,98,2,442.46
1930,49,2,418.47
1930,11,2,126.89
1930,85,1,447.77
1930,39,1,418.79
1931,79,1,359.57
1931,37,4,415.3
1931,53,4,166.63
1931,44,1,326.41
1932,94,2,240.49
1933,73,5,454.32
1933,73,4,196.3
1934,78,5,422.03
1934,3,2,32.29
1935,3,4,73.52
1935,74,3,318.52
1935,47,3,405.51
1935,25,2,208.33
1936,19,5,170.06
1936,88,5,22.6
1936,99,1,85.66
1936,95,4,471.13
1937,13,4,169.43
1938,38,3,433.36
1939,28,4,472.56
1939,62,5,191.32
1940,41,1,151.18
1940,10,1,452.63
1940,51,5,321.32
1941,77,2,279.05
1941,17,5,109.0
1941,74,2,251.9
1941,1,5,78.83
1942,82,3,328.45
1942,72,1,86.01
1942,7,3,208.03
1942,27,1,52.4
1942,16,2,216.38
1942,35,4,222.37
1943,93,3,395.16
1943,14,5,428.36
1943,55,5,441.32
1943,26,1,423.63
1943,64,4,260.9
1943,5,1,438.35
1944,28,2,359.19
1944,16,1,9.59
1944,19,5,101.81
1944,17,2,206.29
1944,100,5,439.36
1945,79,2,290.87
1946,27,1,245.27
1946,80,2,92.79
1946,97,4,25.94
1946,19,2,108.4
1946,46,2,201.63
1946,51,5,381.84
1947,38,4,472.95
1947,19,2,348.68
1947,31,3,24.91
1947,50,5,56.91
1948,92,5,403.4
1948,48,1,289.57
1948,65,4,135.16
1948,27,2,421.3
1948,11,4,99.49
1948,63,2,126.59
1949,35,1,322.06
1949,70,2,22.1
1950,12,3,414.49
1950,100,3,338.68
1950,93,3,460.93
1950,15,4,188.34
1950,94,5,57.72
1950,73,2,75.39
1951,96,5,192.79
1951,63,3,432.83
1951,81,4,59.58
1951,69,4,365.33
1952,42,2,368.35
1953,95,4,15.26
1953,79,1,448.15
1953,78,4,95.91
1953,84,1,298.48
1953,6,1,303.23
1953,20,5,147.96
1954,17,2,185.26
1954,59,5,467.04
1954,88,5,268.36
1954,15,3,144.82
1954,17,4,456.54
1955,17,3,404.87
1955,65,4,216.16
1955,42,4,237.77
1955,65,5,181.0
1955,16,3,8.46
1955,99,3,59.07
1956,80,4,330.09
1956,14,1,422.1
1956,88,1,231.61
1956,6,4,444.73
1957,94,3,435.79
1958,51,3,348.61
1959,14,5,12.83
1959,82,4,244.4
1959,66,5,250.11
1960,96,1,465.82
1960,55,3,51.06
1960,56,4,109.53
1960,62,3,495.43
1961,27,4,402.16
1961,68,4,467.82
1961,84,3,457.1
1961,1,5,120.79
1961,58,2,406.3
1961,84,5,304.28
1962,47,1,314.92
1962,17,5,227.92
1962,18,4,86.73
1962,66,3,166.01
1962,74,1,232.58
1963,77,1,279.63
1963,34,4,72.77
1964,8,1,319.85
1964,89,1,408.62
1965,96,2,188.63
1965,92,5,186.41
1965,87,1,102.81
1965,34,5,275.59
1966,96,4,123.75
1966,94,2,265.7
1966,90,4,161.93
1966,33,5,266.58
1967,2,3,372.11
1967,86,1,25.2
1968,37,2,214.86
1968,59,2,418.99
1968,86,3,497.44
1968,48,3,430.2
1969,89,4,114.6
1969,88,4,438.8
1969,45,3,355.48
1970,6,5,487.21
1970,94,2,264.74
1970,86,4,424.27
1970,34,2,149.68
1970,4,2,456.85
1970,94,3,109.8
1971,48,3,70.27
1971,54,3,493.55
1971,12,2,64.03
1972,6,5,454.72
1972,78,1,475.95
1973,71,4,352.96
1974,9,4,12.75
1974,44,2,319.61
1974,23,1,196.8
1974,37,3,101.44
1975,45,2,242.85
1975,91,1,261.25
1975,96,1,489.38
1975,35,1,286.59
1975,63,5,319.14
1975,88,4,214.45
1976,77,4,275.7
1976,98,1,79.06
1976,98,5,494.53
1976,78,2,432.78
1977,47,1,322.24
1977,89,1,266.54
1977,24,3,463.57
1978,74,4,459.13
1979,49,5,48.54
1979,49,2,340.6
1979,66,1,337.36
1979,54,3,61.51
1979,20,4,318.89
1979,45,5,487.74
1980,95,1,351.62
1980,51,1,460.91
1980,52,5,280.63
1980,85,5,409.68
1981,23,3,210.5
1981,13,4,238.59
1982,75,2,66.54
1982,60,3,227.36
1983,25,4,282.35
1983,59,2,262.1
1983,9,1,377.31
1983,25,4,331.0
1984,13,3,66.66
1984,72,2,393.3
1984,33,4,54.39
1985,32,4,47.6
1985,62,3,17.06
1985,36,5,273.23
1986,63,3,219.83
1986,24,3,253.02
1986,77,5,231.26
1986,31,3,233.69
1986,65,4,210.0
1987,72,3,446.92
1987,26,5,400.01
1987,63,2,15.07
1987,4,2,370.24
1987,65,5,76.73
1987,24,4,179.62
1988,17,2,270.74
1989,36,1,288.32
1989,72,5,269.1
1989,19,2,342.64
1989,80,5,249.15
1989,39,1,261.76
1989,43,4,76.38
1990,58,2,399.19
1990,23,2,354.71
1990,10,4,318.16
1990,58,3,450.63
1990,3,5,483.22
1991,48,4,320.85
1991,13,2,256.46
1991,42,4,496.61
1992,17,1,186.72
1992,18,2,404.41
1992,37,5,408.42
1992,37,3,440.38
1992,75,3,143.68
1992,3,2,45.74
1993,15,2,483.47
1993,83,1,422.84
1993,66,3,440.1
1994,37,4,448.39
1994,99,4,331.11
1994,87,1,233.92
1995,73,2,87.7
1995,3,3,378.42
1995,54,4,477.77
1995,2,1,54.68
1996,28,1,114.06
1996,67,3,485.83
1996,88,3,171.6
1996,27,4,385.47
1997,89,3,41.47
1997,7,1,6.46
1997,32,1,249.39
1997,82,1,182.36
1997,31,1,443.18
1998,44,5,476.41
1998,39,5,343.76
1998,6,1,166.77
1998,10,5,352.28
1998,84,4,218.15
1999,19,3,174.81
1999,83,5,312.88
1999,57,5,403.2
1999,89,1,126.68
1999,73,1,325.19
2000,70,1,435.96
2000,62,4,357.61
